RANK	CITY	NATION	POPULATION	GRDP PPP ($)	REAL GRDP P/C ($)	NATIVE SCRIPT	IRL PARALLEL	ALPHA-3 CODE
1	Ganjau	Cahaya	41,800,000	1,245,000,000,000	29,785	-	Jakarta	CAH
2	Shinkeisei	Nichirin	36,955,000	2,320,000,000,000	62,779	新恵星	Tokyo	NCH
3	Balambangan	Cahaya	26,482,000	718,000,000,000	27,113	-	Manila	CAH
4	Shanggang	Guandong	26,442,000	1,420,000,000,000	53,702	上港	Shanghai	GUA
5	Naginomiya	Nichirin	25,811,000	1,320,000,000,000	51,141	凪宮	Seoul	NCH
6	Tanglaoi	Seignid	24,152,000	1,085,000,000,000	44,924	-	Shenzhen-Dongguan	SGD
7	Memphipolis	Kemet	23,534,000	534,200,000,000	22,699	-	Cairo	KMT
8	Beining	Guandong	22,984,000	1,315,000,000,000	57,214	北宁	Beijing	GUA
9	Manbavi	Arunya	22,539,000	148,600,000,000	6,593	मानभवी	Mumbai	ARU
10	Auritania City	Auritania	21,942,000	715,000,000,000	32,586	-	Mexico City	AUR
11	Atanao	Seignid	21,646,000	824,000,000,000	38,067	-	Guangzhou-Foshan	SGD
12	Axiom	E.S.U.	19,211,000	1,920,000,000,000	99,943	-	NYC-Newark-Jersey City	ESU
13	Takarazuka	Nichirin	18,922,000	1,050,000,000,000	55,491	鷹羅塚	Keihanshin MA	NCH
14	Conhawa	Seignid	16,924,000	812,000,000,000	47,979	-	Chongqing	SGD
15	Tsubayo	Hōrai	16,423,000	184,600,000,000	11,240	津映	Dhaka	NCH
16	Tianji	Guandong	14,934,000	712,000,000,000	47,676	天际	Tianjin	GUA
17	Bhanagiri	Arunya	14,772,000	92,400,000,000	6,255	ಭಾನಗಿರಿ	Bangalore	ARU
18	Kolkutta	West Bangala	14,681,000	224,500,000,000	15,292	-	Kolkata	ARV
19	Aschengel	Ponurvia	13,421,000	1,215,000,000,000	90,530	-	Los Angeles	PON
20	Sennanur	Arunya	12,623,000	72,500,000,000	5,743	சென்னனூர்	Chennai	ARU
21	Xianzhou	Furan	11,763,000	525,000,000,000	44,631	仙州	Hangzhou-Shaoxing	FUR
22	Radagorsk	Rudania	11,642,000	784,500,000,000	67,385	Радагорск	Moscow	RUD
23	Hayidara	Arunya	11,608,000	78,400,000,000	6,754	హయిదర	Hyderabad	ARU
24	Lutèce	Arverne	11,419,000	925,000,000,000	81,005	-	Paris	ARV
25	Dunmaris	Elvester	10,803,000	885,000,000,000	81,922	-	London	ELV
26	Aspadana	East Astriya	10,673,000	585,000,000,000	54,811	-	Istanbul (European)	AST
27	Jelutong	Cahaya	10,467,000	415,000,000,000	39,648	-	Kuala Lumpur	CAH
28	Chang'an	Furan	10,433,000	312,000,000,000	29,905	长安	Xi'an	FUR
29	Yuecheng	Furan	10,381,000	415,000,000,000	39,977	月城	Nanjing	FUR
30	Rongzhou	Furan	10,164,000	445,000,000,000	43,782	荣州	Chengdu	FUR
31	Botai	Auritania	9,814,000	255,200,000,000	26,004	-	Bogotá	AUR
32	Chūkyō	Nichirin	9,512,000	540,000,000,000	56,770	中京	Chūkyō MA	NCH
33	Baigau	Cahaya	9,242,000	315,400,000,000	34,127	-	Ho Chi Minh City	CAH
34	Hanyang	Furan	9,122,000	415,000,000,000	45,494	汉扬	Wuhan	FUR
35	Korvane	E.S.U.	8,914,000	824,000,000,000	92,439	-	Chicago	ESU
36	Suraveda	Arunya	8,821,000	64,200,000,000	7,278	સુરવેદા	Surat	ARU
37	Bachstadt	Divia	8,370,000	118,500,000,000	14,158	-	Baghdad	ALE
38	Mizuhara	Nichirin	8,111,000	285,000,000,000	35,137	水原	Shenyang	NCH
39	Puvani	Arunya	7,706,000	54,200,000,000	7,033	पुवानी	Pune	ARU
40	Kamabuchi	Nichirin	7,700,000	385,000,000,000	50,000	釜淵	Busan-Gyeongnam MA	NCH
41	Balong	Seignid	7,501,000	545,000,000,000	72,657	-	Hong Kong	SGD
42	Golzar	Varahmehr	7,416,000	606,000,000,000	81,715	-	Riyadh	VAR
43	Zhangzhou	Guandong	7,211,000	385,000,000,000	53,391	张州	Zhengzhou	GUA
44	Dogma	E.S.U.	7,201,000	485,000,000,000	67,352	-	Toronto	ESU
45	Kōrihama	Nichirin	7,189,000	215,000,000,000	29,907	氷浜	Harbin	NCH
46	Shin-Chukyo	Ryūgu	6,982,000	36,400,000,000	5,213	新中京	Khartoum-Omdurman	NCH
47	Funda	Reino	6,975,000	515,000,000,000	73,835	-	Madrid	REI
48	Dolays	Hollosend	6,952,000	785,000,000,000	112,917	-	Dallas-Fort Worth	HOL
49	Sankt Franz-Josenthal	Ponurvia	6,854,000	1,150,000,000,000	167,785	-	San Francisco Bay Area	PON
50	Fengzhou	Guandong	6,712,000	615,000,000,000	91,627	凤州	Suzhou	GUA
51	Shimonosaki	Nichirin	6,467,000	245,000,000,000	37,885	詩之崎	Dalian	NCH
52	Marrowby	Hollosend	6,441,000	495,000,000,000	76,851	-	Miami	HOL
53	Jiaozhou	Guandong	6,326,000	295,000,000,000	46,633	角州	Qingdao	GUA
54	Kuhestan	Varahmehr	6,300,000	345,000,000,000	54,762	کوهستان	Dubai-Sharjah-Ajman	VAR
55	Delvin	Hollosend	6,244,000	820,000,000,000	131,326	-	Houston	HOL
56	Jingnan	Guandong	5,924,000	245,000,000,000	41,357	靖南	Jinan	GUA
57	Racotis	Kemet	5,921,000	118,400,000,000	19,997	-	Alexandria	KMT
58	Rajawali	Cahaya	5,906,000	685,000,000,000	115,984	-	Singapore	CAH
59	Azmashir	Selmira	5,821,000	320,000,000,000	54,973	-	Istanbul (Asian)	SEL
60	Foundry	E.S.U.	5,811,000	418,000,000,000	71,933	-	Philadelphia	ESU
61	Ville Tonkinoise	Tonkin	5,765,000	112,500,000,000	19,514	-	Hanoi	ARV
62	Barcino	Arverne	5,753,000	242,000,000,000	42,065	-	Barcelona	ARV
63	Pietari	Karjania	5,643,000	285,000,000,000	50,505	-	Saint Petersburg	KAR
64	Iskenderiye	Selmira	5,619,000	285,000,000,000	50,721	-	Ankara	SEL
65	Nexus	E.S.U.	5,532,000	515,000,000,000	93,095	-	Washington, DC	ESU
66	Harushige	Nichirin	5,491,000	192,000,000,000	34,966	春茂	Changchun	NCH
67	Fumino	Kinshū	5,465,000	418,200,000,000	76,523	文野	Melbourne	NCH
68	Lapsikan	Seignid	5,432,000	185,000,000,000	34,057	-	Kunming	SGD
69	Cualācoyotl	Auritania	5,422,000	118,200,000,000	21,800	-	Guadalajara	AUR
70	Hengliu	Guandong	5,321,000	295,000,000,000	55,441	恒流	Hefei	GUA
71	Atlantipitis	Hollosend	5,321,000	445,000,000,000	83,631	-	Atlanta	HOL
72	Dämglühen-Altenwald	Ponurvia	5,316,000	415,000,000,000	78,066	-	San Diego-Tijuana	PON
73	Seitou	Kinshū	5,312,000	462,400,000,000	87,048	静澄	Sydney	NCH
74	Shiyi	Guandong	5,231,000	218,000,000,000	41,675	石溢	Shijiazhuang	GUA
75	Qingyang	Furan	5,222,000	285,000,000,000	54,577	倾阳	Changsha	FUR
76	Eisenfeld	Alemannia	5,116,000	415,000,000,000	81,118	-	Ruhr MA	ALE
77	Haiting	Furan	4,870,000	345,000,000,000	70,842	海亭	Ningbo-Zhoushan	FUR
78	Yalakawa	Seignid	4,816,000	92,800,000,000	19,269	-	Jieyang-Shantou-Chaozhou	SGD
79	Canot	Côte de Saumon	4,810,000	42,500,000,000	8,836	-	Kano	ARV
80	Fönigsfeld	Ponurvia	4,714,000	345,000,000,000	73,186	-	Phoenix	PON
81	Gonen	Shivon	4,640,000	345,000,000,000	74,353	גֹּנֶן	Tel Aviv-Yafo	SHI
82	Kosigoda	Arunya	4,520,000	9,850,000,000	2,179	കോസിഗോഡ	Kozhikode	ARU
83	Trinacria	Vicily	4,471,000	235,000,000,000	52,561	-	Rome	VIC
84	Korolevskygorod	Giathka	4,416,000	108,400,000,000	24,547	-	Kabul	GIA
85	Jinyang	Guandong	4,416,000	158,500,000,000	35,892	锦阳	Taiyuan	GUA
86	Port of Muscovite	E.S.U.	4,396,000	435,000,000,000	98,954	-	Boston	ESU
87	Aubourg	Côte de Saumon	4,392,000	82,400,000,000	18,761	-	Abuja	ARV
88	Veltridge	E.S.U.	4,218,000	312,000,000,000	73,969	-	Detroit	ESU
89	Pinkan	Seignid	4,218,000	148,000,000,000	35,088	-	Nanning	SGD
90	Cap de Bonne-Espérance	South Pelagonia	4,210,000	124,500,000,000	29,572	-	Cape Town-Paarl-Stellenbosch	ARV
91	Hongzhou	Furan	4,185,000	135,000,000,000	32,258	鸿洲	Nanchang	FUR
92	Dongye	Furan	4,171,000	122,000,000,000	29,250	东野	Wenzhou	FUR
93	Yao	Seignid	4,145,000	138,500,000,000	33,414	-	Xiamen	SGD
94	Yinlin	Furan	4,143,000	118,000,000,000	28,482	银临	Fuzhou	FUR
95	Yoloxochitl	Auritania	4,124,000	124,500,000,000	30,189	-	Medellín	AUR
96	Tōhara	Nichirin	4,111,000	315,000,000,000	76,624	唐原	Tangshan	NCH
97	Casamarilla	Costaserá	4,077,000	82,400,000,000	20,211	-	Casablanca	REI
98	Charlotte	E.S.U.	3,782,000	218,000,000,000	57,641	-	Montreal	ESU
99	Port Mercer	Salishia	3,742,000	384,600,000,000	102,779	-	Seattle-Tacoma	SAL
100	Tali Sawah	Cahaya	3,683,000	115,000,000,000	31,225	-	Surabaya	CAH
101	Berelstein	Alemannia	3,585,000	278,000,000,000	77,545	-	Berlin	ALE
102	Hesheng	Furan	3,492,000	92,500,000,000	26,489	河升	Lanzhou	FUR
103	Kut	Divia	3,453,000	242,000,000,000	70,084	-	Kuwait City	ALE
104	Kalamburu	Arunya	3,422,000	48,200,000,000	14,085	කළඹුරු	Colombo	ARU
105	Petrilovzhka	Nozhnorstan	3,416,000	114,440,000,000	33,501	-	Ürümqi	NZH
106	Monte Claro	Hollosend	3,339,000	46,500,000,000	13,926	-	Valencia-Mariara-Maracay	HOL
107	Attenza	Vicily	3,295,000	162,000,000,000	49,165	-	Athens	VIC
108	Mantova	Vicily	3,251,000	245,000,000,000	75,361	-	Milan	VIC
109	Algernon	Barbary	3,246,000	64,800,000,000	19,963	-	Algiers	ARV
110	Los Ángeles	Auritania	3,244,000	58,600,000,000	18,064	-	Puebla	AUR
111	Lada	Cahaya	3,239,000	64,200,000,000	19,821	-	Bandung	CAH
112	Naagura	Arunya	3,238,000	14,800,000,000	4,571	नागूर	Nagpur	ARU
113	Kochōrin	Nichirin	3,236,000	31,000,000,000	9,580	古朝霖	Pyongyang	NCH
114	Koimburu	Arunya	3,234,000	14,200,000,000	4,391	கோயிம்புரு	Coimbatore	ARU
115	Stonebridge	Hollosend	3,206,000	12,500,000,000	3,899	-	Port-au-Prince	HOL
116	Karashar	Selmira	3,185,000	165,000,000,000	51,805	-	Izmir	SEL
117	Tiruvana	Arunya	3,157,000	12,500,000,000	3,959	തിരുവാന	Thiruvananthapuram	ARU
118	Haibo	Guandong	3,128,000	135,000,000,000	43,159	海勃	Weifang	GUA
119	Britannica	Giathka	3,124,000	225,400,000,000	72,151	-	Tashkent	GIA
120	Pingtong	Guandong	3,124,000	148,000,000,000	47,375	平通	Nantong	GUA
121	Dunridge	Hollosend	3,124,000	48,500,000,000	15,525	-	Santo Domingo	HOL
122	Serra Nova	Hollosend	3,124,000	21,560,000,000	6,901	-	Dakar	HOL
123	Shiwane	Hōrai	3,114,000	32,400,000,000	10,405	潮嵐	Chittagong	NCH
124	Gawaka	Seignid	3,114,000	115,000,000,000	36,930	-	Guiyang	SGD
125	Santiago del Valle	Hollosend	3,042,000	54,000,000,000	17,751	-	Caracas	HOL
126	Ciudad Cuerdas	Reino	3,041,000	165,000,000,000	54,258	-	Lisbon	REI
127	Groscown	Sidanya	3,016,000	142,000,000,000	47,082	-	Kyiv	SID
128	Kenanga	Cahaya	2,966,000	38,400,000,000	12,947	-	Medan	CAH
129	Paotai	Guandong	2,957,000	158,000,000,000	53,433	炮台	Yantai	GUA
130	Kandang	Guandong	2,942,000	115,000,000,000	39,089	崁砀	Handan	GUA
131	Makinohara	Nichirin	2,922,000	105,000,000,000	35,934	牧野原	Hamamatsu-Toyohashi	NCH
132	Dadun	Furan	2,864,000	168,000,000,000	58,659	大敦	Taichung	FUR
133	Manceshire	Elvester	2,854,000	148,000,000,000	51,857	-	Manchester	ELV
134	Santiago	Auritania	2,842,000	78,400,000,000	27,586	-	Cali	AUR
135	Dunwalde	Ponurvia	2,842,000	265,000,000,000	93,244	-	Denver	PON
136	Nongcheng	Furan	2,746,000	355,000,000,000	129,279	农城	Taipei	FUR
137	Randstadt	Alemannia	2,711,000	195,000,000,000	71,929	-	Rotterdam-The Hague	ALE
138	Satsuno	Nichirin	2,646,000	165,000,000,000	62,358	薩野	Sapporo	NCH
139	Kovichi	Arunya	2,642,000	18,400,000,000	6,964	കൊവിച്ചി	Kochi, KL	ARU
140	Pengcheng	Guandong	2,642,000	132,000,000,000	49,962	鹏乘	Xuzhou	GUA
141	Port Columbia	Salishia	2,642,000	208,700,000,000	78,993	-	Vancouver	SAL
142	Kadmona	Shivon	2,624,000	28,500,000,000	10,861	קַדְמוֹנָה	Damascus	SHI
143	Hareumi	Kinshū	2,600,000	194,500,000,000	74,808	晴海	Brisbane	NCH
144	Hakata	Nichirin	2,568,000	138,670,000,000	53,999	博多	Fukuoka	NCH
145	Gaelham	Elvester	2,561,000	122,000,000,000	47,638	-	Birmingham	ELV
146	Gandomabad	Varahmehr	2,560,000	56,000,000,000	21,875	گندم آباد	Isfahan	VAR
147	Gaoxiang	Furan	2,532,000	155,000,000,000	61,216	高翔	Kaohsiung	FUR
148	Kanduru	Arunya	2,525,000	4,250,000,000	1,683	കണ്ടുരു	Kannur	ARU
149	Qusu	Axerfreditenshin	2,488,000	118,000,000,000	47,428	-	Hohhot	AXE
150	Vivanta	Noradia	2,488,000	54,500,000,000	21,905	-	Visakhapatnam	ELV
151	Ōtase	Nichirin	2,468,000	148,000,000,000	59,968	太田瀬	Hiroshima-Takamatsu	NCH
152	Greywick	Hollosend	2,467,000	182,000,000,000	73,774	-	Tampa	HOL
153	Efricia	Vicily	2,467,000	62,000,000,000	25,132	-	Tunis	VIC
154	Rabba	Shivon	2,465,000	48,500,000,000	19,675	רַבָּה	Amman	SHI
155	Marakaya	Hollosend	2,463,000	34,500,000,000	14,007	-	Maracaibo	HOL
156	Montevello	Hollosend	2,462,000	162,000,000,000	65,800	-	San Antonio	HOL
157	Berytar	Selmira	2,431,000	41,000,000,000	16,865	-	Beirut	SEL
158	Kaligarang	Cahaya	2,423,000	41,400,000,000	17,086	-	Semarang	CAH
159	Ciudad de Diogo Jota	Hollosend	2,419,000	52,500,000,000	21,703	-	Barranquilla	HOL
160	Castelmar	Hollosend	2,416,000	11,480,000,000	4,752	-	Conakry	HOL
161	Vijeyara	Arunya	2,410,000	12,800,000,000	5,311	విజయేర	Vijayawada	ARU
162	Naasike	Arunya	2,408,000	9,250,000,000	3,841	नासिके	Nashik	ARU
163	Bakou	East Kaukasos	2,382,000	92,500,000,000	38,833	-	Baku	ARV
164	Xinghua	Furan	2,372,000	52,400,000,000	22,091	兴华	Putian	FUR
165	Królewice	Eivorie	2,342,000	118,500,000,000	50,598	-	Katowice	EIV
166	Kyakhta	Perovska	2,342,000	142,500,000,000	60,845	-	Almaty	PER
167	Itakeyaki	Nichirin	2,331,000	142,000,000,000	60,918	伊達欅	Sendai	NCH
168	Kolama	Arunya	2,318,000	3,450,000,000	1,488	കൊലാമ	Kollam	ARU
169	Puyuan	Furan	2,312,000	142,000,000,000	61,419	浦原	Taoyuan	FUR
170	Aquilla	E.S.U.	2,311,000	165,000,000,000	71,398	-	Baltimore	ESU
171	Borbagne	Ponurvia	2,311,000	155,000,000,000	67,071	-	Las Vegas	PON
172	Parata	Arunya	2,242,000	128,500,000,000	57,315	பரதா	Perth	ARU
173	Neapolis	Vicily	2,235,000	88,500,000,000	39,597	-	Naples	VIC
174	Coldharbor	Hollosend	2,234,000	64,000,000,000	28,648	-	San Juan	HOL
175	Rembulan	Cahaya	2,230,000	42,800,000,000	19,193	-	Batam	CAH
176	Baiding	Guandong	2,229,000	88,500,000,000	39,704	拜定	Baoding	GUA
177	Ayér Dalam	Cahaya	2,227,000	31,500,000,000	14,145	-	Palembang	CAH
178	Annesburg	Hollosend	2,216,000	178,000,000,000	80,325	-	St. Louis (West of River)	HOL
179	Hakkōran	Nichirin	2,185,000	198,000,000,000	90,618	八公嵐	Daegu-Gyeongbuk	NCH
180	Dragmir	Selmira	2,169,000	105,000,000,000	48,409	-	Bursa	SEL
181	San Cristobal	Hollosend	2,161,000	28,500,000,000	13,188	-	Havana	HOL
182	Brulignon	Arverne	2,151,000	118,500,000,000	55,091	-	Brussels	ARV
183	Batasa	Seignid	2,132,000	68,500,000,000	32,129	-	Haikou	SGD
184	Daikei	Nichirin	2,124,000	105,000,000,000	49,435	大庆	Daqing	NCH
185	Salish City	Salishia	2,124,000	174,100,000,000	81,968	-	Portland	SAL
186	Jingluo	Guandong	2,118,000	92,000,000,000	43,437	经络	Luoyang	GUA
187	Maverick	Hollosend	2,118,000	255,000,000,000	120,397	-	Austin	HOL
188	Bugang	Axerfreditenshin	2,114,000	125,000,000,000	59,130	-	Baotou	AXE
189	Rio Esmeralda	Hollosend	2,114,000	8,350,000,000	3,950	-	Banjul-Serekunda-Brikama	HOL
190	Sagramundel	Ponurvia	2,114,000	142,000,000,000	67,171	-	Sacramento	PON
191	Sala Majorca	Costaserá	2,054,000	42,800,000,000	20,837	-	Rabat	REI
192	Gaharu	Cahaya	2,050,000	34,500,000,000	16,829	-	Makassar	CAH
193	Jernigan	Hollosend	2,028,000	155,000,000,000	76,430	-	Orlando	HOL
194	Veynach	Alemannia	2,021,000	215,000,000,000	106,383	-	Vienna	ALE
195	Menisku	Rudania	2,015,000	96,400,000,000	47,841	Мениску	Minsk	RUD
196	Jinkou	Furan	2,008,000	82,500,000,000	41,086	金口	Quanzhou	FUR
197	Araytan	Seignid	2,004,000	118,000,000,000	58,882	-	Zhuhai-Macao	SGD
198	Daiping	Guandong	1,987,000	72,800,000,000	36,638	代平	Datong	GUA
199	Lyndermere	Hollosend	1,982,000	10,310,000,000	5,202	-	Bamako	HOL
200	Marijnovo	Nozhnorstan	1,982,000	42,810,000,000	21,599	-	Xining	NZH
201	Mêsul	Divia	1,961,000	18,800,000,000	9,587	-	Mosul	ALE
202	Mathare	Arunya	1,953,000	6,850,000,000	3,507	மத்தாரே	Madurai	ARU
203	Recolotta City	Recolotta	1,942,000	10,870,000,000	5,597	-	Maputo	REC
204	Yeneshir	Selmira	1,897,000	82,000,000,000	43,226	-	Adana	SEL
205	Nuevo Refugio	Auritania	1,894,000	48,200,000,000	25,449	-	León, MX	AUR
206	Aintab	Selmira	1,883,000	88,500,000,000	46,999	-	Gaziantep	SEL
207	Taurasia	Vicily	1,858,000	98,000,000,000	52,745	-	Turin	VIC
208	Roudanjärvi	Karjania	1,854,000	142,000,000,000	76,591	-	Helsinki-Tallinn	KAR
209	Manukan	Cahaya	1,844,000	41,200,000,000	22,343	-	Davao	CAH
210	Carthena	Hollosend	1,842,000	152,000,000,000	82,519	-	Charlotte	HOL
211	Yijia	Furan	1,839,000	62,400,000,000	33,931	宜家	Yichang	FUR
212	Shengyang	Furan	1,831,000	58,200,000,000	31,786	胜阳	Xiangfan	FUR
213	Hempden	E.S.U.	1,822,000	112,000,000,000	61,471	-	Hampton Roads	ESU
214	Balabilaran	Seignid	1,814,000	48,500,000,000	26,736	-	Liuzhou	SGD
215	Aranvata	Arunya	1,810,000	6,150,000,000	3,398	अरणवत	Aurangabad	ARU
216	Strålholm	Skjarnland	1,805,000	185,000,000,000	102,493	-	Stockholm	SKJ
217	Wisłogród	Eivorie	1,801,000	185,000,000,000	102,721	-	Warsaw	EIV
218	Lyonara	Arverne	1,800,000	102,000,000,000	56,667	-	Lyon	ARV
219	Sumerajima	Nichirin	1,799,000	58,000,000,000	32,240	皇島	Qinhuangdao	NCH
220	Hammersburg	Alemannia	1,789,000	182,000,000,000	101,733	-	Hamburg	ALE
221	Nourabad	Varahmehr	1,785,000	42,000,000,000	23,529	نورآباد	Shiraz	VAR
222	Szerencsehely	Genosa	1,784,000	128,000,000,000	71,749	-	Budapest	GEN
223	Cromsine	E.S.U.	1,775,000	128,000,000,000	72,113	-	Cincinnati	ESU
224	Yunping	Furan	1,773,000	46,500,000,000	26,227	云平	Hengyang	FUR
225	Ostrig	E.S.U.	1,768,000	118,000,000,000	66,742	-	Cleveland	ESU
226	Tetsuhachi	Nichirin	1,764,000	78,000,000,000	44,218	鉄盆	Anshan	NCH
227	Fort Freedom	E.S.U.	1,755,000	135,000,000,000	76,923	-	Columbus	ESU
228	Rětny	Slytlia	1,750,000	166,000,000,000	94,857	-	Bucharest	SLY
229	Shikisen	Nichirin	1,745,000	68,000,000,000	38,968	四季泉	Jilin City	NCH
230	Izuminone	Nichirin	1,743,000	141,000,000,000	80,895	泉嶺	Daejeon-Sejong	NCH
231	Mengshan	Furan	1,732,000	52,500,000,000	30,312	梦山	Wuhu	FUR
232	Glaschu	Elvester	1,731,000	72,500,000,000	41,883	-	Glasgow	ELV
233	Bracetara	Hollosend	1,731,000	138,000,000,000	79,723	-	Kansas City (South of River)	HOL
234	Shushabad	Varahmehr	1,720,000	112,000,000,000	65,116	شوش آباد	Muscat	VAR
235	Tauris	East Kaukasos	1,713,000	42,800,000,000	24,985	-	Tabriz	ARV
236	Pulzind	E.S.U.	1,712,000	122,000,000,000	71,262	-	Pittsburgh	ESU
237	Novospatrya	Rudania	1,684,000	68,500,000,000	40,677	Новоспатря	Novosibirsk	RUD
238	Loidham	Elvester	1,659,000	78,500,000,000	47,318	-	Leeds	ELV
239	Massilia	Arverne	1,655,000	81,500,000,000	49,245	-	Marseille	ARV
240	Vandara	Noradia	1,642,000	31,400,000,000	19,123	-	Ranchi	ELV
241	Niamé-sur-Saharienne	Côte de Saumon	1,633,000	8,850,000,000	5,419	-	Niamey	ARV
242	Jiangkou	Guandong	1,627,000	58,400,000,000	35,894	江口	Zhangjiakou	GUA
243	Kolapura	Noradia	1,624,000	32,800,000,000	20,197	-	Raipur	ELV
244	Vandralis	E.S.U.	1,621,000	135,000,000,000	83,282	-	Indianapolis	ESU
245	Āhanshahr	Varahmehr	1,620,000	325,000,000,000	200,617	آهنشهر	Abu Dhabi	VAR
246	Noradia City	Noradia	1,612,000	38,600,000,000	23,945	-	Bhubaneswar-Cuttack	ELV
247	Nanyang	Guandong	1,604,000	68,500,000,000	42,706	南洋	Jining	GUA
248	Liwu	Furan	1,598,000	48,200,000,000	30,163	佾屋	Yiwu	FUR
249	Mürrental	Alemannia	1,597,000	172,000,000,000	107,702	-	Munich	ALE
250	Ashihara	Nichirin	1,580,000	88,000,000,000	55,696	芦原	Okayama-Kurashiki	NCH
251	Dashtvār	Varahmehr	1,570,000	82,000,000,000	52,229	دشتوار	Basra	VAR
252	Kamengrad	Rudania	1,549,000	62,400,000,000	40,284	Каменград	Yekaterinburg	RUD
253	Wangerhafen	Neuhollmar	1,548,000	112,500,000,000	72,674	-	Auckland	ALE
254	Rajora	Noradia	1,544,000	42,800,000,000	27,720	-	Jamshedpur	ELV
255	Haitenfon	Tonkin	1,544,000	32,800,000,000	21,244	-	Haiphong	ARV
256	Kulun	Axerfreditenshin	1,542,000	58,500,000,000	37,938	-	Ulaanbaatar	AXE
257	Kōshū	Nichirin	1,541,000	78,000,000,000	50,616	光州	Gwangju	NCH
258	Arecaváros	Uj-Pannonia	1,519,000	22,400,000,000	14,747	-	Guwahati	GEN
259	San Damiano	Vicilian North Aphirica	1,514,000	9,850,000,000	6,506	-	N'Djamena	VIC
260	Zurelstein	Ponurvia	1,513,000	62,500,000,000	41,309	-	Ciudad Juarez	PON
261	Teluk Penaga	Cahaya	1,482,000	54,500,000,000	36,775	-	George Town-Butterworth	CAH
262	Mianling	Furan	1,474,000	32,200,000,000	21,845	冕凌	Nanchong	FUR
263	Assansole	West Bangala	1,474,000	18,800,000,000	12,754	-	Asansol	ARV
264	Darülmülk	Selmira	1,469,000	62,000,000,000	42,206	-	Konya	SEL
265	Aram	Shivon	1,452,000	11,200,000,000	7,713	אֲרָם	Aleppo	SHI
266	Sabzavar	Varahmehr	1,452,000	62,000,000,000	42,700	سبزوار	Ahvaz	VAR
267	Brellino	Vicily	1,452,000	54,000,000,000	37,190	-	Belgrade	VIC
268	Akala	Seignid	1,450,000	58,400,000,000	40,276	-	Zhanjiang	SGD
269	Shisheng	Furan	1,446,000	38,400,000,000	26,556	石绳	Shiyan	FUR
270	Bais-Mai	Seignid	1,442,000	68,500,000,000	47,503	-	Guilin	SGD
271	Mahakam	Cahaya	1,436,000	28,450,000,000	19,812	-	Samarinda-Palu	CAH
272	Tanjung Karang	Cahaya	1,431,000	18,400,000,000	12,858	-	Bandar Lampung	CAH
273	Mundar	Noradia	1,424,000	26,500,000,000	18,610	-	Dhanbad	ELV
274	Zalaya	Auritania	1,422,000	54,600,000,000	38,397	-	Querétaro	AUR
275	Attaliya	Selmira	1,415,000	68,000,000,000	48,057	-	Antalya	SEL
276	Salira	Sidanya	1,414,000	28,200,000,000	19,943	-	Kharkiv	SID
277	Hävnia	Skjarnland	1,410,000	138,000,000,000	97,872	-	Copenhagen	SKJ
278	Madinat Al-Dosser	Divia	1,397,000	195,000,000,000	139,585	-	Dammam	ALE
279	Tokisaka	Mizuho	1,384,000	54,200,000,000	39,162	時坂	San Jose, CR	NCH
280	Arzalma	Rudania	1,377,000	48,200,000,000	35,004	Арзалма	Astana	RUD
281	Mayasuru	Arunya	1,376,000	4,150,000,000	3,016	ಮಯಸೂರು	Mysuru	ARU
282	Puerto Arvory	Reino	1,375,000	68,000,000,000	49,455	-	Porto	REI
283	Fezagona	Costaserá	1,360,000	11,200,000,000	8,235	-	Fes	REI
284	Lujiang	Furan	1,360,000	34,500,000,000	25,368	鹿江	Jinhua	FUR
285	Genkai	Nichirin	1,356,000	58,980,000,000	43,496	玄界	Kanmon MA	NCH
286	Prauvenberg	Alemannia	1,348,000	142,500,000,000	105,712	-	Prague	ALE
287	Akamine	Nichirin	1,329,000	38,000,000,000	28,593	赤峰	Chifeng	NCH
288	Kalinghat	Noradia	1,328,000	22,400,000,000	16,867	-	Durg-Bhilai	ELV
289	Izmid	Selmira	1,326,000	78,000,000,000	58,824	-	Kocaeli	SEL
290	Dracut	E.S.U.	1,324,000	118,000,000,000	89,124	-	Milwaukee	ESU
291	Donnerbucht	E.S.U.	1,324,000	84,500,000,000	63,822	-	Providence, RI	ESU
292	Nascara	Hollosend	1,324,000	115,000,000,000	86,858	-	Nashville	HOL
293	Porta Ferrata	Vicily	1,324,000	41,000,000,000	30,967	-	Tripoli, LY	VIC
294	San Luis	Auritania	1,318,000	31,400,000,000	23,824	-	San Luis Potosí	AUR
295	Xingzhou	Guandong	1,316,000	46,200,000,000	35,106	兴州	Xingtai	GUA
296	Williamsby	Elvester	1,314,000	256,400,000,000	195,129	-	Dublin	ELV
297	Cromwell Beach	Hollosend	1,314,000	16,250,000,000	12,367	-	Nouakchott	HOL
298	New Providence	Hollosend	1,314,000	5,450,000,000	4,148	-	Freetown	HOL
299	Anxing	Furan	1,311,000	82,500,000,000	62,929	安兴	Tainan	FUR
300	Lianchong	Guandong	1,311,000	48,200,000,000	36,766	联崇	Liaocheng	GUA
301	Mentari	Cahaya	1,306,000	58,400,000,000	44,717	-	Johor Bahru	CAH
302	Cadounie	Côte de Saumon	1,302,000	11,500,000,000	8,833	-	Kaduna	ARV
303	Kerambitan	Cahaya	1,298,000	28,600,000,000	22,034	-	Denpasar	CAH
304	Tiruchala	Arunya	1,297,000	5,450,000,000	4,202	திருச்சலா	Tiruchirappalli	ARU
305	Nueva Segovia	Hollosend	1,296,000	18,500,000,000	14,275	-	Barquisimento	HOL
306	Archtessa	Giathka	1,292,000	78,200,000,000	60,526	-	Dushanbe	GIA
307	Nobata	Nichirin	1,289,000	46,500,000,000	36,074	野畑	Qiqihar	NCH
308	Melcarta	East Astriya	1,285,000	78,500,000,000	61,089	Μελκάρτα	Sofia	AST
309	Beringin	Cahaya	1,264,000	18,500,000,000	14,636	-	Can Tho	CAH
310	Taaneya	Arunya	1,262,000	28,400,000,000	22,504	तानेया	Thane	ARU
311	Salzgruven	Ponurvia	1,262,000	115,000,000,000	91,125	-	Salt Lake City-Ogden	PON
312	Andō	Nichirin	1,249,000	36,000,000,000	28,823	安東	Dandong-Sinujiu	NCH
313	Saalegiri	Arunya	1,248,000	4,850,000,000	3,886	ಸಾಲೇಗಿರಿ	Salem, TN	ARU
314	Nizhegorod	Rudania	1,241,000	48,200,000,000	38,840	Нижегород	Nizhny Novgorod	RUD
315	Kotel	Rudania	1,232,000	46,200,000,000	37,500	Котел	Kazan	RUD
316	Obangia	Vicilian North Aphirica	1,224,000	3,200,000,000	2,614	-	Bangui	VIC
317	Tianyan	Guandong	1,218,000	52,400,000,000	43,021	天眼	Anyang	GUA
318	Duval dos Agostinianos	Hollosend	1,215,000	92,000,000,000	75,720	-	Jacksonville	HOL
319	Eshkarot	Shivon	1,215,000	74,500,000,000	61,317	אֶשְׁכָּרוֹת	Haifa	SHI
320	Santa Alejandra	Auritania	1,214,000	32,600,000,000	26,853	-	Mérida	AUR
321	Lintala	Seignid	1,214,000	42,800,000,000	35,255	-	Meizhou	SGD
322	Arkaim	Rudania	1,212,000	42,500,000,000	35,066	Аркаим	Chelyabinsk	RUD
323	Amberdam	Alemannia	1,197,000	158,000,000,000	131,997	-	Amsterdam	ALE
324	Montlionne	Barbary	1,192,000	18,500,000,000	15,520	-	Oran	ARV
325	Iharu	Nichirin	1,191,000	11,800,000,000	9,908	井春	Yichun, HL	NCH
326	Āvanak	Varahmehr	1,186,000	365,000,000,000	307,757	آوانک	Doha	VAR
327	Ufysk	Rudania	1,185,000	41,800,000,000	35,274	Уфыск	Ufa	RUD
328	Aguastermales	Auritania	1,184,000	24,800,000,000	20,946	-	Aguascalientes	AUR
329	Milovsk	Giathka	1,184,000	58,400,000,000	49,324		Shymkent	GIA
330	Mempolis	Hollosend	1,182,000	88,400,000,000	74,788	-	Memphis	HOL
331	Yar	Rudania	1,181,000	48,600,000,000	41,152	Яр	Krasnoyarsk	RUD
332	Port Gabéra	South Pelagonia	1,180,000	22,800,000,000	19,322	-	Gqeberha	ARV
333	Bungaloo	Southeast Aphirica	1,180,000	6,250,000,000	5,297	-	Juba	SHI
334	Singal	Divia	1,158,000	31,200,000,000	26,943	-	Kirkuk	ALE
335	Kuryk	Perovska	1,146,000	64,500,000,000	56,283	-	Bishkek	PER
336	Diarburg	Divia	1,142,000	28,500,000,000	24,956	-	Diyarbakır	ALE
337	Bingang	Furan	1,142,000	42,800,000,000	37,478	滨港	Taizhou, ZJ	FUR
338	Fayetteville	Hollosend	1,141,000	98,500,000,000	86,328	-	Raleigh	HOL
339	Grestopol	Sidanya	1,141,000	58,000,000,000	50,833	-	Rostov-on-Don	SID
340	Kirmaşan	Divia	1,131,000	12,800,000,000	11,317	-	Kermanshah	ALE
341	Sauravalli	Arunya	1,130,000	3,450,000,000	3,053	सौरवल्ली	Solapur	ARU
342	Tirisura	Arunya	1,124,000	3,850,000,000	3,425	തിരിസുര	Thrissur	ARU
343	Kaukásos	Auritania	1,124,000	27,450,000,000	24,422	-	Bucaramanga	AUR
344	Burghersville	E.S.U.	1,124,000	78,500,000,000	69,840	-	Richmond	ESU
345	Changzhou	Furan	1,118,000	38,400,000,000	34,347	昶州	Zhangzhou	FUR
346	Muere	Reino	1,118,000	54,000,000,000	48,301	-	Seville	REI
347	Kuybyshev	Rudania	1,118,000	38,400,000,000	34,347	Куйбышев	Samara	RUD
348	Kasil	Seignid	1,118,000	44,200,000,000	39,535	-	Qingyuan	SGD
349	Nishikino	Nichirin	1,115,000	41,500,000,000	37,220	錦野	Jinzhou	NCH
350	Nanan	Axerfreditenshin	1,114,000	64,200,000,000	57,630	-	Yinchuan	AXE
351	Siak	Cahaya	1,114,000	38,800,000,000	34,829	-	Pekanbaru	CAH
352	Cengkeh	Cahaya	1,114,000	22,400,000,000	20,108	-	Malang	CAH
353	Aquarias	E.S.U.	1,114,000	94,200,000,000	84,560	-	Ottawa	ESU
354	Zephyrion	Selmira	1,113,000	48,500,000,000	43,576	-	Mersin	SEL
355	Zhugezhen	Furan	1,112,000	34,400,000,000	30,935	诸葛镇	Zhuzhou	FUR
356	Kjellberg	Skjarnland	1,111,000	135,000,000,000	121,512	-	Oslo	SKJ
357	Vedapuri	Arunya	1,108,000	29,700,000,000	26,805	வேதபுரி	Puducherry-Bunbury	ARU
358	Varangala	Arunya	1,106,000	3,150,000,000	2,848	వరంగల	Warangal	ARU
359	Erevan	East Kaukasos	1,103,000	24,800,000,000	22,484	-	Yerevan	ARV
360	Lissavre	Arverne	1,099,000	52,500,000,000	47,771	-	Lille	ARV
361	Riluo	Guandong	1,092,000	58,500,000,000	53,571	日落	Rizhao	GUA
362	Tiflis	East Kaukasos	1,090,000	32,400,000,000	29,725	-	Tbilisi	ARV
363	Tolosa	Arverne	1,089,000	64,000,000,000	58,770	-	Toulouse	ARV
364	Omirtsk	Rudania	1,085,000	28,600,000,000	26,359	Омиртск	Omsk	RUD
365	Emesa	Shivon	1,085,000	9,500,000,000	8,756	אֶמֶסָה	Homs	SHI
366	Sangde	Guandong	1,077,000	28,400,000,000	26,370	桑德	Chengde	GUA
367	Jousse	Côte de Saumon	1,071,000	4,100,000,000	3,828	-	Jos	ARV
368	Antreuil	Arverne	1,069,000	78,500,000,000	73,433	-	Antwerp	ARV
369	Valentine	Hollosend	1,056,000	78,500,000,000	74,337	-	Oklahoma City	HOL
370	Maktan	Cahaya	1,054,000	48,200,000,000	45,731	-	Cebu	CAH
371	Tangong	Furan	1,054,000	38,200,000,000	36,243	檀宫	Xiangtan	FUR
372	Hellesheim	Ponurvia	1,053,000	38,400,000,000	36,467	-	Mexicali	PON
373	Liberta	E.S.U.	1,051,000	68,500,000,000	65,176	-	Louisville	ESU
374	New Barcino	Hollosend	1,051,000	82,500,000,000	78,497	-	New Orleans	HOL
375	Mazaca	Selmira	1,049,000	46,500,000,000	44,328	-	Kayseri	SEL
376	Ciudad Araya	Auritania	1,048,000	34,600,000,000	33,015	-	Cartagena, CO	AUR
377	Neu-Nürbrecht	Divia	1,048,000	14,400,000,000	13,740	-	Najaf	ALE
378	Temnezh	Rudania	1,048,000	32,600,000,000	31,107	темен	Voronezh	RUD
379	Kanegahara	Mizuho	1,044,000	24,800,000,000	23,755	金ヶ原	Trujillo	NCH
380	Anxiang	Guandong	1,042,000	45,600,000,000	43,762	安乡	Xinxiang	GUA
381	Reisawa	Nichirin	1,041,000	17,500,000,000	16,811	礼沢	Jixi	NCH
382	Ighir	Costaserá	1,035,000	14,200,000,000	13,720	-	Agadir	REI
383	Iwabuchi	Nichirin	1,033,000	86,000,000,000	83,253	岩渕	Kanazawa-Toyama	NCH
384	Sennino Miasto	Polabiny	1,033,000	54,000,000,000	52,275	-	Krasnodar	POL
385	Tambun	Cahaya	1,027,000	21,200,000,000	20,643	-	Ipoh	CAH
386	Bordigal	Arverne	1,026,000	58,000,000,000	56,530	-	Bordeaux	ARV
387	Guangling	Guandong	1,024,000	54,000,000,000	52,734	广陵	Yangzhou	GUA
388	Gilang	Seignid	1,024,000	32,400,000,000	31,641	-	Shaoyang	SGD
389	Kolmar	Alemannia	1,018,000	124,500,000,000	122,299	-	Köln	ALE
390	Molotovska	Rudania	1,014,000	34,600,000,000	34,122	Молотовска	Perm	RUD
391	Teusonne	Ponurvia	1,012,000	68,500,000,000	67,688	-	Tucson	PON
392	Eretz	Shivon	1,011,000	31,200,000,000	30,861	אֶרֶץ	Jerusalem	SHI
393	Klonslava	Slytlia	1,007,000	28,200,000,000	28,004	-	Odesa	SLY
394	Puerta Waiyana	Hollosend	1,004,000	14,200,000,000	14,143	-	Ciudad Guayana	HOL
395	Hyōtanjima	Nichirin	1,004,000	28,500,000,000	28,386	葫島	Huludao	NCH
396	Pato	Hollosend	991,000	16,500,000,000	16,650	-	Cúcuta	HOL
397	Motohora	Nichirin	987,700	21,140,000,000	21,403	本洞	Benxi	NCH
398	Guntapura	Arunya	985,000	4,150,000,000	4,213	గుంటపుర	Guntur	ARU
399	Nizuc	Auritania	982,000	28,400,000,000	28,921	-	Cancun	AUR
400	Kermaneon	Recolotta	982,000	3,340,000,000	3,401	-	Blantyre	REC
401	Aleksandriya	Rudania	982,000	28,400,000,000	28,921	Александрия	Volgograd	RUD
402	Hamtun	Elvester	975,000	52,500,000,000	53,846	-	Southampton	ELV
403	Hewlêr	Divia	965,000	24,500,000,000	25,389	-	Erbil	ALE
404	Azuréa	Arverne	962,000	49,500,000,000	51,455	-	Nice	ARV
405	Kasantina	Barbary	962,000	11,500,000,000	11,954	-	Constantine	ARV
406	Castelgulfio	Vicily	959,000	48,500,000,000	50,574	-	Thessaloniki	VIC
407	Shizuhata	Nichirin	949,000	78,000,000,000	82,192	静畑	Shizuoka	NCH
408	Moriguchi	Nichirin	949,000	42,000,000,000	44,257	森口	Yingkou	NCH
409	Kahayan	Cahaya	943,000	14,200,000,000	15,058	-	Banjarmasin	CAH
410	Silemani	Divia	942,000	22,200,000,000	23,567	-	Sulaymaniyah	ALE
411	Oakridge	Hollosend	942,000	34,200,000,000	36,306	-	Edinburg, TX	HOL
412	Coulne	West Bangala	942,000	11,400,000,000	12,102	-	Khulna	ARV
413	Hueban	Hollosend	937,000	13,500,000,000	14,408	-	Puerto La Cruz	HOL
414	Marienhafen	Kogelland	937,000	32,400,000,000	34,578	-	Concepción	ALE
415	Médouris	Côte de Saumon	929,000	5,250,000,000	5,651	-	Maiduguri	ARV
416	Ruscow	Sidanya	927,000	28,400,000,000	30,636	-	Dnipro	SID
417	Van Horn	E.S.U.	925,000	54,000,000,000	58,378	-	Buffalo	ESU
418	Atlalixpa	Auritania	924,000	14,600,000,000	15,801	-	Tampico	AUR
419	Delano	Hollosend	924,000	68,500,000,000	74,134	-	Birmingham, AL	HOL
420	Kajuara	Cahaya	912,000	21,400,000,000	23,465	-	Padang	CAH
421	Temuan	Cahaya	912,000	15,800,000,000	17,325	-	Zamboanga	CAH
422	Shengshui	Furan	912,000	32,500,000,000	35,636	盛水	Jiujiang	FUR
423	Yoshino	Nichirin	907,000	32,000,000,000	35,281	吉野	Mudanjiang	NCH
424	Kiricizem	Giathka	902,000	88,500,000,000	98,115	-	Ashgabat	GIA
425	Cumaraca	Hollosend	897,000	12,800,000,000	14,270	-	Cumana-Porlamar	HOL
426	El Paso del Norte	Auritania	892,000	26,400,000,000	29,596	-	Guadalupe	AUR
427	Tarnovetskygrad	Giathka	892,000	28,150,000,000	31,558	-	Mazar-i-Sharif	GIA
428	Villaguja	Hollosend	882,000	4,230,000,000	4,796	-	Touba	HOL
429	Permarello	Recolotta	882,000	3,090,000,000	3,503	-	Nampula	REC
430	Ye'or	Shivon	882,000	1,450,000,000	1,644	יְאוֹר	Gaza City	SHI
431	Sultanönü	Selmira	872,000	42,500,000,000	48,739	-	Eskişehir	SEL
432	Panorama	Vicily	872,000	31,800,000,000	36,468	-	Palermo	VIC
433	Orumieh	East Kaukasos	871,000	14,500,000,000	16,648	-	Urmia	ARV
434	Gravil	Sidanya	871,000	18,500,000,000	21,240	-	Donetsk	SID
435	Tynemouth	Elvester	869,000	39,400,000,000	45,339	-	Newcastle, GB	ELV
436	Yunyin	Guandong	864,000	42,800,000,000	49,537	云隐	Yancheng	GUA
437	Chyumen	Rudania	864,000	36,500,000,000	42,245	Чюмень	Tyumen	RUD
438	Sinopia	E.S.U.	863,000	46,500,000,000	53,882	-	Allentown	ESU
439	Súkíta	Reino	859,000	51,000,000,000	59,371	-	València	REI
440	Shefford	Elvester	855,000	36,200,000,000	42,339	-	Sheffield	ELV
441	Rohu	Seignid	853,000	41,500,000,000	48,652	-	Qujing	SGD
442	Jingxi	Furan	852,000	28,400,000,000	33,333	靖夕	Jingzhou	FUR
443	Deqiang	Guandong	852,000	34,500,000,000	40,493	德强	Dezhou	GUA
444	Tumbleweed	Hollosend	852,000	46,500,000,000	54,577	-	El Paso	HOL
445	Ishigaki	Nichirin	852,000	42,150,000,000	49,472	石垣	Kumamoto	NCH
446	Dorudgar	Varahmehr	847,000	75,000,000,000	88,548	درودگر	Al-Ain	VAR
447	Neu-Klagenhafen	Dämmerung Islands	842,000	82,800,000,000	98,337	-	Honolulu	ALE
448	Tushan	Guandong	842,000	38,400,000,000	45,606	秃山	Jiaozuo	GUA
449	Benadetto	Vicily	842,000	54,000,000,000	64,133	-	Bologna	VIC
450	Hubbidhara	Arunya	840,000	2,850,000,000	3,393	ಹುಬ್ಬಿಧರ	Hubballi-Dharwad	ARU
451	Amurkush	Costaserá	839,000	19,500,000,000	23,242	-	Marrakesh	REI
452	Zarienne	Côte de Saumon	835,000	3,450,000,000	4,132	-	Zaria	ARV
453	Winscor	Elvester	835,000	38,500,000,000	46,108	-	Liverpool	ELV
454	Balulang	Cahaya	834,000	14,600,000,000	17,506	-	Cagayan de Oro	CAH
455	Fritown	E.S.U.	834,000	46,400,000,000	55,635	-	Quebec City	ESU
456	Mikawahara	Nichirin	833,000	26,500,000,000	31,813	三江浜	Jiamusi	NCH
457	Huakai	Guandong	824,000	31,800,000,000	38,592	花开	Heze	GUA
458	Matsuumi	Nichirin	819,000	24,000,000,000	29,304	松海	Matsue-Chongjin	NCH
459	Tirubeti	Arunya	818,000	2,650,000,000	3,240	తిరుబేటి	Tirupati	ARU
460	Venugram	Arunya	817,000	16,400,000,000	20,073	ವೇಣುಗ್ರಾಮ	Belagavi	ARU
461	Ashton	E.S.U.	815,000	42,500,000,000	52,147	-	Dayton	ESU
462	Lenkurt	Auritania	814,000	15,200,000,000	18,673	-	Morelia	AUR
463	Beizhou	Furan	812,000	24,500,000,000	30,172	碑州	Baoji	FUR
464	Enkichi	Nichirin	810,000	22,500,000,000	27,778	円吉	Yanji	NCH
465	Zharatov	Rudania	804,000	19,200,000,000	23,881	Жаратов	Saratov	RUD
466	Zacrébba	Vicily	804,000	44,500,000,000	55,348	-	Zagreb	VIC
467	Seinal	Hollosend	803,000	11,500,000,000	14,321	-	Maturín	HOL
468	Ryōgaku	Nichirin	803,000	33,000,000,000	41,096	遼岳	Tongliao	NCH
469	Franmark	Alemannia	801,000	162,500,000,000	202,871	-	Frankfurt am Main	ALE
470	Anyi	Furan	801,000	24,600,000,000	30,712	安易	Tongling	FUR
471	Mangapura	Arunya	795,000	4,250,000,000	5,346	ಮಂಗಪುರ	Mangaluru	ARU
472	Shinanose	Nichirin	792,000	71,000,000,000	89,646	信濃瀬	Niigata	NCH
473	Saucoté	Côte de Saumon	789,000	3,200,000,000	4,056	-	Sokoto	ARV
474	Hessenberg	Ponurvia	784,000	58,000,000,000	73,980	-	Albuquerque	PON
475	Hatsamen-Anuchwal	Ponurvia	782,000	64,000,000,000	81,841	-	Boise	PON
476	Mytileneia	E.S.U.	781,000	52,500,000,000	67,222	-	Rochester, NY	ESU
477	Dyfford	Elvester	780,000	42,800,000,000	54,872	-	Bristol	ELV
478	Jagiellonów	Eivorie	770,000	68,400,000,000	88,831	-	Kraków	EIV
479	Umbravati	Arunya	762,000	12,800,000,000	16,798	उम्रावती	Amravati	ARU
480	Koganehama	Kinshū	762,000	48,200,000,000	63,255	黄金浜	Gold Coast	NCH
481	Salvada	Reino	759,000	42,000,000,000	55,336	-	Zaragoza	REI
482	Ximen	Furan	752,000	42,400,000,000	56,383	西门	Mianyang	FUR
483	Kaijin	Guandong	752,000	28,400,000,000	37,766	凯锦	Kaifeng	GUA
484	Beauchis	Côte de Saumon	751,000	3,150,000,000	4,194	-	Bauchi	ARV
485	Baliksampan	Cahaya	748,000	34,800,000,000	46,524	-	Balikpapan Tengah	CAH
486	Villa Rica	Auritania	742,000	19,200,000,000	25,876	-	Veracruz	AUR
487	Matsumoto	Nichirin	742,000	29,000,000,000	39,084	松本	Songyuan	NCH
488	Ambarino	Hollosend	732,000	52,500,000,000	71,721	-	Tulsa	HOL
489	Fiorentina	Vicily	732,000	42,800,000,000	58,470	-	Florence	VIC
490	Nassirya	Divia	731,000	6,800,000,000	9,302	-	Nasiriyah	ALE
491	Kotyora	Selmira	730,000	31,800,000,000	43,562	-	Samsun	SEL
492	Qasr-e Tājir	Varahmehr	730,000	135,000,000,000	184,932	قصر تاجیر	Al-Hofuf	VAR
493	Freselmir	Ponurvia	728,000	42,800,000,000	58,791	-	Fresno	PON
494	Hanmoto	Nichirin	724,000	34,750,000,000	47,997	版元	Cheongju	NCH
495	Donuzlu	Selmira	722,000	34,500,000,000	47,784	-	Denizli	SEL
496	Olivock	Sidanya	721,000	16,200,000,000	22,469	-	Zaporizhzhia	SID
497	Marintov	Sidanya	718,000	28,500,000,000	39,694	-	Lviv	SID
498	Namnetac	Arverne	717,000	38,500,000,000	53,696	-	Nantes	ARV
499	Yitzchakia	Shivon	717,000	38,400,000,000	53,556	יצחקיה	Tabuk	SHI
500	Hermosaciudad	Auritania	714,000	21,500,000,000	30,112	-	Villahermosa	AUR
501	Volnograd	Giathka	714,000	52,600,000,000	73,669	-	Samarkand	GIA
502	Tanretsu	Nichirin	713,000	17,000,000,000	23,843	炭裂	Fuxin	NCH
503	Yaoyachimallan	Auritania	712,000	18,400,000,000	25,843	-	Acapulco	AUR
504	Kedawung	Cahaya	712,000	8,150,000,000	11,447	-	Tasikmalaya	CAH
505	Atanina	Seignid	712,000	42,500,000,000	59,691	-	Zhaoqing	SGD
506	Severomilsk	Giathka	694,000	41,200,000,000	59,366	-	Namangan	GIA
507	Liévres	Arverne	691,000	34,200,000,000	49,493	-	Liege	ARV
508	Ketābshahr	Varahmehr	691,000	34,000,000,000	49,204	کتهشهر	Bandar Abbas	VAR
509	Stalia	Vicily	690,000	34,500,000,000	50,000	-	Genoa	VIC
510	Tánger	Costaserá	688,000	18,600,000,000	27,035	-	Tangier	REI
511	Edessa	Divia	687,000	14,200,000,000	20,670	-	Sanliurfa	ALE
512	Seneja	Cahaya	684,000	11,600,000,000	16,959	-	Serang	CAH
513	Tesla Springs	Ponurvia	684,000	48,500,000,000	70,906	-	Colorado Springs	PON
514	Kolavanta	Arunya	683,000	2,850,000,000	4,173	कोलवंत	Kolhapur	ARU
515	Liyue	Guandong	683,000	32,400,000,000	47,438	璃月	Lianyungang	GUA
516	Wilna	Livonia	683,000	46,500,000,000	68,082	-	Vilnius	LIV
517	Nandigrama	Arunya	682,000	14,200,000,000	20,821	नंदीग्राम	Nanded	ARU
518	Holguín	Auritania	682,000	14,500,000,000	21,261	-	Durango, MX	AUR
519	Styropol	Rudania	682,000	20,500,000,000	30,059	Стыропол	Tolyatti	RUD
520	Gulburagi	Arunya	674,000	14,800,000,000	21,958	ಗುಲ್ಬುರಗಿ	Kalaburagi	ARU
521	Berenice	Vicily	663,000	35,800,000,000	53,997	-	Verona	VIC
522	Venesia	Vicily	660,000	38,500,000,000	58,333	-	Venice	VIC
523	Sidoréjo	Cahaya	658,000	12,800,000,000	19,453	-	Surakarta	CAH
524	Heitetsu	Nichirin	653,000	20,500,000,000	31,394	平轍	Siping	NCH
525	Oscair	Elvester	652,000	28,600,000,000	43,865	-	Belfast	ELV
526	Aryapur	Noradia	652,000	12,500,000,000	19,172	-	Rourkela	ELV
527	Caravigna	Vicily	651,000	11,500,000,000	17,665	-	Cagliari-Bizerte	VIC
528	Simhapuri	Arunya	648,000	11,800,000,000	18,210	సింహపురి	Nellore	ARU
529	Tōgen	Nichirin	646,000	44,000,000,000	68,111	桃源	Khabarovsk	NCH
530	Czółnów	Eivorie	645,000	41,200,000,000	63,876	-	Łódź	EIV
531	Gombeau	Côte de Saumon	644,000	2,850,000,000	4,425	-	Gombe	ARV
532	Breislach	Alemannia	643,000	68,400,000,000	106,376	-	Wrocław	ALE
533	Mesagozza	Vicily	643,000	18,800,000,000	29,238	-	Messina-Reggio Calabria	VIC
534	Tuchtlan	Auritania	642,000	11,500,000,000	17,913	-	Tuxtla Gutiérrez	AUR
535	Dunguncundung	Cahaya	642,000	11,800,000,000	18,380	-	Pontianak	CAH
536	Arvada	E.S.U.	642,000	48,500,000,000	75,545	-	Grand Rapids	ESU
537	Krizomenya	Nozhnorstan	642,000	16,110,000,000	25,093	-	Shihezi	NZH
538	Port Lox	Recolotta	642,000	2,440,000,000	3,801	-	Beira	REC
539	Altakrai	Rudania	642,000	16,100,000,000	25,078	Алтакрай	Barnaul	RUD
540	Maia-Kalais	Seignid	642,000	31,400,000,000	48,910	-	Maoming	SGD
541	Bariccia	Vicily	642,000	22,400,000,000	34,891	-	Bari	VIC
542	Kamazaka	Nichirin	642,000	14,120,000,000	21,994	窯坂	Haicheng	NCH
543	Sōtō	Nichirin	642,000	12,580,000,000	19,595	層塔	Liaoyang	NCH
544	Genéveau	Arverne	641,000	105,000,000,000	163,807	-	Geneva	ARV
545	Estellia	E.S.U.	641,000	42,800,000,000	66,771	-	Albany	ESU
546	Sturnheim	Alemannia	640,000	138,000,000,000	215,625	-	Stuttgart	ALE
547	Shichidaika	Nichirin	639,000	10,200,000,000	15,962	七大花	Qitaihe	NCH
548	Reqa	Divia	637,000	3,150,000,000	4,945	-	Ar Raqqah	ALE
549	Dusterburg	Alemannia	634,000	88,500,000,000	139,590	-	Düsseldorf	ALE
550	Sipin	Cahaya	634,000	15,200,000,000	23,975	-	Jambi	CAH
551	Montero	Auritania	624,000	11,200,000,000	17,949	-	Pereira	AUR
552	Suryansk	Rudania	624,000	16,800,000,000	26,923	Сурянск	Izhevsk	RUD
553	Utamichi	Nichirin	623,000	31,770,000,000	50,995	唄道	Cheonan	NCH
554	Velanpur	Arunya	622,000	18,500,000,000	29,743	வேலன்பூர்	Vellore	ARU
555	Artevil	East Kaukasos	622,000	11,400,000,000	18,328	-	Ardabil	ARV
556	Ōgiya	Nichirin	622,000	24,260,000,000	39,003	扇屋	Jeonju	NCH
557	Sahagalli	Arunya	618,000	12,500,000,000	20,227	सहगल्ली	Sangli	ARU
558	Shioshino	Nichirin	616,000	54,000,000,000	87,662	潮篠	Vladivostok	NCH
559	Cangyuan	Guandong	615,000	34,200,000,000	55,610	苍原	Cangzhou	GUA
560	Asamitsu	Nichirin	615,000	17,500,000,000	28,455	朝光	Chaoyang	NCH
561	Riege	Livonia	613,000	34,500,000,000	56,281	-	Riga	LIV
562	Maliwadi	Arunya	612,000	6,850,000,000	11,193	माळीवाडी	Malegaon	ARU
563	Ehecatépetl	Auritania	612,000	14,800,000,000	24,183	-	Pachuca	AUR
564	Hippone	Barbary	612,000	8,400,000,000	13,725	-	Annaba	ARV
565	Diwaniye	Divia	612,000	5,850,000,000	9,559	-	Al Diwaniyah	ALE
566	New Talhuanca	E.S.U.	612,000	31,800,000,000	51,961	-	Toledo, OH	ESU
567	Ganyun	Furan	612,000	18,800,000,000	30,719	甘昀	Ganzhou	FUR
568	Danfeng	Furan	612,000	18,500,000,000	30,229	丹峰	Jingmen	FUR
569	Shuzhou	Guandong	612,000	24,500,000,000	40,033	竖州	Xuchang	GUA
570	Bayou Nwa	Hollosend	612,000	54,000,000,000	88,235	-	Baton Rouge	HOL
571	Albemarle Point	Hollosend	612,000	51,000,000,000	83,333	-	Charleston, SC	HOL
572	Ruzhev	Perovska	612,000	18,500,000,000	30,229	-	Kashi	PER
573	Hamath	Shivon	612,000	5,400,000,000	8,824	חֲמָת	Hamah	SHI
574	Liezfurt	Alemannia	611,000	46,200,000,000	75,614	-	Leipzig	ALE
575	Bereket	Selmira	610,000	26,400,000,000	43,279	-	Kahramanmaraş	SEL
576	Tenengado	Hollosend	608,000	14,500,000,000	23,849	-	Kingston	HOL
577	Igyrtsk	Rudania	608,000	24,800,000,000	40,789	Игыртск	Irkutsk	RUD
578	Malakka	Reino	607,000	32,500,000,000	53,542	-	Málaga	REI
579	Pomorźie	Polabiny	606,000	16,500,000,000	27,228	-	Makhachkala	POL
580	Escalera	Costaserá	605,000	6,400,000,000	10,579	-	Meknes	REI
581	Slavagrad	Rudania	604,000	18,400,000,000	30,464	Славаград	Yaroslavl	RUD
582	Catambria	Vicily	604,000	20,500,000,000	33,940	-	Catania	VIC
583	Älvskrona	Skjarnland	602,000	52,500,000,000	87,209	-	Gothenburg	SKJ
584	Summi	E.S.U.	601,000	38,200,000,000	63,561	-	Kitchener	ESU
585	Scopana	Vicily	598,000	13,800,000,000	23,077	-	Skopje	VIC
586	Dräsden	Alemannia	597,000	48,500,000,000	81,240	-	Dresden	ALE
587	Martelon	Arverne	597,000	24,500,000,000	41,039	-	Toulon	ARV
588	Simbirsk	Rudania	592,000	14,200,000,000	23,986	Симбирск	Ulyanovsk	RUD
589	Tirenza	Vicily	587,000	14,500,000,000	24,702	-	Tirana	VIC
590	Cassiné	Côte de Saumon	586,000	2,250,000,000	3,840	-	Katsina	ARV
591	Hürth	E.S.U.	585,000	34,600,000,000	59,145	-	Worcester, MA	ESU
592	Khandesh	Arunya	584,000	12,200,000,000	20,890	खानदेश	Jalgaon	ARU
593	Dondong	Cahaya	584,000	11,400,000,000	19,521	-	Kota Kinabalu	CAH
594	Ergarn	Ponurvia	584,000	41,500,000,000	71,062	-	Provo	PON
595	Nürbrecht	Alemannia	582,000	61,500,000,000	105,670	-	Nuremberg	ALE
596	Odanta	Noradia	582,000	9,200,000,000	15,808	-	Bilaspur	ELV
597	Chakalov	Rudania	582,000	15,200,000,000	26,117	Чакалов	Orenburg	RUD
598	Elstenhagen	Hochbrunn-am-Saharameer	579,000	1,950,000,000	3,368	-	El-Obeid	ALE
599	Homyel	Sidanya	578,000	14,500,000,000	25,087	-	Homieĺ	SID
600	Shimizu	Nichirin	577,000	51,000,000,000	88,388	清水	Kagoshima	NCH
601	Zemlystal	Rudania	576,000	12,800,000,000	22,222	Землысталь	Karaganda	RUD
602	Brimund	Alemannia	570,000	42,500,000,000	74,561	-	Bremen	ALE
603	Kandanavolu	Arunya	564,000	10,200,000,000	18,085	కందనవోలు	Kurnool	ARU
604	Albrechtshaven	Albatrossinseln	563,000	14,800,000,000	26,288	-	Port Louis, MU	ALE
605	Noxara	Hollosend	563,000	41,500,000,000	73,712	-	Knoxville	HOL
606	Giwangan	Cahaya	561,000	11,500,000,000	20,499	-	Yogyakarta	CAH
607	Wapiti	Hollosend	553,000	38,500,000,000	69,620	-	Wichita	HOL
608	Doggy Hawk	Hollosend	552,000	46,200,000,000	83,696	-	Greenville, SC	HOL
609	Tsambok	Slytlia	551,000	13,800,000,000	25,045	-	Kryvyi Rih	SLY
610	Dùn Èideann	Elvester	549,000	32,800,000,000	59,745	-	Edinburgh	ELV
611	Shōbuchi	Nichirin	549,000	13,200,000,000	24,044	松渕	Hamhung	NCH
612	Brogesne	Arverne	548,000	31,800,000,000	58,029	-	Grenoble	ARV
613	Kureha	Hōrai	548,000	5,850,000,000	10,675	暮葉	Sylhet	NCH
614	Zentara	Noradia	548,000	9,400,000,000	17,153	-	Rajamahendravaram	ELV
615	Rejóna	Reino	548,000	68,400,000,000	124,818	-	Las Palmas de Gran Canaria	REI
616	Ayonix	Noradia	546,000	11,200,000,000	20,513	-	Bokaro	ELV
617	Haneburg	Alemannia	544,000	64,000,000,000	117,647	-	Hannover	ALE
618	Surame	E.S.U.	543,000	31,200,000,000	57,459	-	Syracuse, NY	ESU
619	Puerta de Testudera	Hollosend	543,000	24,500,000,000	45,120	-	Port of Spain	HOL
620	Wan	Selmira	543,000	11,200,000,000	20,626	-	Van	SEL
621	Tiranavalli	Arunya	542,000	2,150,000,000	3,967	திரணவல்லி	Tirunelveli	ARU
622	Montemayor	Auritania	542,000	11,400,000,000	21,033	-	Xalapa	AUR
623	Villanueva	Auritania	542,000	11,400,000,000	21,033	-	Villavicencio	AUR
624	Nauhcampa	Auritania	542,000	9,850,000,000	18,173	-	Montería	AUR
625	Al-Gilfah	Barbary	542,000	5,200,000,000	9,594	-	Djelfa	ARV
626	Kucing	Cahaya	542,000	16,400,000,000	30,258	-	Kuching	CAH
627	Changsu	Furan	542,000	28,500,000,000	52,583	长苏	Deyang	FUR
628	Cicheng	Furan	542,000	14,800,000,000	27,306	茨城	Jingde	FUR
629	Dongjin	Guandong	542,000	82,000,000,000	151,292	东津	Dongying	GUA
630	Ravenford	Hollosend	542,000	8,200,000,000	15,129	-	Santiago de los Caballeros	HOL
631	Zhegrovoya	Nozhnorstan	542,000	13,110,000,000	24,188	-	Zhangye	NZH
632	Dzhalka	Perovska	542,000	16,850,000,000	31,089	-	Aksu	PER
633	Siegerdenkmal	Ponurvia	542,000	28,400,000,000	52,399	-	Lancaster, CA	PON
634	Tunitsk	Rudania	542,000	18,800,000,000	34,686	Тунитск	Tomsk	RUD
635	Kurozuyama	Nichirin	540,000	14,000,000,000	25,926	黒頭山	Shuangyashan	NCH
636	Melidene	Selmira	539,000	21,500,000,000	39,889	-	Malatya	SEL
637	Lebaron	E.S.U.	538,000	34,500,000,000	64,126	-	Harrisburg, PA	ESU
638	Thonis	Kemet	538,000	12,500,000,000	23,234	-	Port Said	KMT
639	Hašler	Polabiny	537,000	13,800,000,000	25,698	-	Astrakhan	POL
640	Akolpur	Arunya	534,000	11,400,000,000	21,348	अकोलपूर	Akola	ARU
641	Sitifa	Barbary	534,000	7,200,000,000	13,483	-	Sétif	ARV
642	Krasnysk	Rudania	534,000	17,200,000,000	32,210	Красныск	Kemerovo	RUD
643	Morskorel	Rudania	532,000	14,400,000,000	27,068	Морскорел	Naberezhnye Chelny	RUD
644	Taya-Naoi	Seignid	532,000	24,500,000,000	46,053	-	Wuzhou	SGD
645	Yaelan	Seignid	532,000	11,400,000,000	21,429	-	Huangguang	SGD
646	Dihok	Divia	531,000	11,400,000,000	21,469	-	Duhok	ALE
647	Angsby	Elvester	531,000	25,400,000,000	47,834	-	Leicester	ELV
648	Ciudad de Magdalena	Hollosend	531,000	11,400,000,000	21,469	-	Valledupar	HOL
649	Arbel	Shivon	531,000	5,200,000,000	9,793	אַרְבֵּל	Irbid	SHI
650	Maestra	Reino	530,000	23,500,000,000	44,340	-	Murcia	REI
651	Sabalay	Seignid	523,000	21,500,000,000	41,109	-	Beihai	SGD
652	Sang-e Sefid	Varahmehr	521,000	16,500,000,000	31,670	سنگ سفید	Arak	VAR
653	Perisapora	Divia	517,000	6,200,000,000	11,992	-	Ramadi	ALE
654	Tsukeno	Nichirin	517,000	62,000,000,000	119,923	月埜	Utsunomiya	NCH
655	Wartosław	Eivorie	516,000	38,500,000,000	74,612	-	Poznań	EIV
656	Wasit	Divia	514,000	5,100,000,000	9,922	-	Kut	ALE
657	Khod	Perovska	514,000	14,200,000,000	27,626	-	Yining	PER
658	Kuntala	Arunya	512,000	12,400,000,000	24,219	ಕುಂತಲ	Ballari	ARU
659	Lucas	Auritania	512,000	11,400,000,000	22,266	-	Puerto Vallarta	AUR
660	Oreslavl	Rudania	512,000	15,600,000,000	30,469	Ореславль	Ryazan	RUD
661	Futahashi	Nichirin	512,000	31,230,000,000	60,996	二橋	Maebashi-Isesaki	NCH
662	Aktyubinsk	Rudania	510,000	12,200,000,000	23,922	Актюбинск	Aqtobe	RUD
663	Lycopolis	Kemet	505,000	9,800,000,000	19,406	-	Asyut	KMT
664	Yuzuki	Nichirin	501,000	38,000,000,000	75,848	柚月	Matsuyama	NCH
665	Krzyżakowo	Eivorie	499,000	18,400,000,000	36,874	-	Kaliningrad	EIV
666	Itemori	Nichirin	499,000	44,500,000,000	89,178	出森	Aomori-Hakodate	NCH
667	San Pablo	Auritania	494,000	3,850,000,000	7,794	-	Iquitos	AUR
668	Barram	E.S.U.	494,000	42,200,000,000	85,425	-	Madison, WI	ESU
669	Bisao	Hollosend	494,000	2,850,000,000	5,769	-	Bissau	HOL
670	Lyubechna	Nozhnorstan	494,000	14,920,000,000	30,202	-	Korla	NZH
671	Haganeguchi	Nichirin	494,000	9,580,000,000	19,393	鋼口	Jinxi	NCH
672	Passance	Arverne	493,000	26,400,000,000	53,550	-	Strasbourg	ARV
673	Caertaff	Elvester	493,000	24,500,000,000	49,696	-	Cardiff	ELV
674	Vranikovo	Giathka	492,000	31,800,000,000	64,634	-	Andijan	GIA
675	Rödingen	Ponurvia	492,000	34,500,000,000	70,122	-	Reno	PON
676	Pezan	Rudania	492,000	11,500,000,000	23,374	Пезан	Penza	RUD
677	Pestelliére	Arverne	491,000	24,200,000,000	49,287	-	Montpellier	ARV
678	Ságă	Polabiny	489,000	24,500,000,000	50,102	-	Sochi	POL
679	Bellecôte	Arverne	488,000	21,500,000,000	44,057	-	Palma	ARV
680	Teyolchimalistli	Auritania	488,000	6,150,000,000	12,602	-	Poza Rica	AUR
681	Al-Suways	Kemet	488,000	10,400,000,000	21,311	-	Suez	KMT
682	Midorimori	Kinshū	488,000	42,800,000,000	87,705	翠森	Canberra	NCH
683	Kalisat	Cahaya	486,000	6,500,000,000	13,374	-	Jember	CAH
684	Wijayakarta	Cahaya	485,000	8,150,000,000	16,804		Vinh Long	CAH
685	Ketéréh	Cahaya	484,000	6,820,000,000	14,091	-	Bharu	CAH
686	Izovoretso	Slytlia	484,000	15,500,000,000	32,025	-	Chișinău	SLY
687	Velomagne	Arverne	482,000	22,800,000,000	47,303	-	Rouen	ARV
688	Lugeck	Rudania	482,000	16,400,000,000	34,025	Лугецк	Lipetsk	RUD
689	Hertzberg	Divia	478,000	2,450,000,000	5,126	-	Al Hasakah	ALE
690	Iwasaki	Kinshū	475,000	34,500,000,000	72,632	岩崎	Newcastle, NSW	NCH
691	Korkai	Arunya	474,000	10,800,000,000	22,785	கொற்கை	Thoothukkudi	ARU
692	Tia Juana	Auritania	474,000	13,200,000,000	27,848	-	Mazatlán	AUR
693	Vistgarde	Alemannia	473,000	41,600,000,000	87,949	-	Gdańsk	ALE
694	Tsuruoka	Nichirin	473,000	14,500,000,000	30,655	鶴岡	Hegang	NCH
695	Āzādport	Varahmehr	470,000	28,500,000,000	60,638	آزادپورت	Salalah	VAR
696	Dubnica	Polabiny	466,000	17,500,000,000	37,554	-	Stavropol	POL
697	Sagimino	Nichirin	465,000	58,000,000,000	124,731	鷺蓑	Himeji	NCH
698	Shestsyeminsk	Rudania	464,000	9,850,000,000	21,228	Шестсяеминск	Cheboksary	RUD
699	Argungu	Côte de Saumon	463,000	1,150,000,000	2,484	-	Birnin Kebbi	ARV
700	Ratnapur	Arunya	462,000	8,850,000,000	19,156	रत्नापूर	Latur	ARU
701	Dunmaris-Est	South Pelagonia	462,000	8,400,000,000	18,182	-	East London	ARV
702	Cuéllar	Hollosend	461,000	6,200,000,000	13,449	-	Santiago de Cuba	HOL
703	Qulunam	Axerfreditenshin	458,000	15,800,000,000	34,498	-	Shizuishan	AXE
704	Pamali	Cahaya	458,000	5,850,000,000	12,773	-	Cirebon	CAH
705	Tuvlina	Rudania	458,000	14,800,000,000	32,314	Тувлина	Tula	RUD
706	Theopolis	Selmira	458,000	12,800,000,000	27,948	-	Erzurum	SEL
707	Ming'an	Guandong	453,000	17,400,000,000	38,411	冥安	Huainan	GUA
708	Lacan-Pier	Seignid	453,000	16,800,000,000	37,086	-	Huaihua	SGD
709	Bossina	Vicily	449,000	18,500,000,000	41,203	-	Sarajevo	VIC
710	Balajipur	Arunya	446,000	7,450,000,000	16,704	बालाजीपूर	Dhule	ARU
711	Hanawa	Nichirin	446,000	24,500,000,000	54,933	花輪	Suihua	NCH
712	Istropol	Nitravia	445,000	42,500,000,000	95,506	-	Bratislava	NIT
713	Copperhead City	Hollosend	443,000	32,800,000,000	74,041	-	Little Rock	HOL
714	Derabad	Noradia	442,000	5,850,000,000	13,235	-	Berhampur	ELV
715	Añazo	Reino	442,000	54,200,000,000	122,624	-	Santa Cruz de Tenerife	REI
716	Kurchask	Rudania	442,000	14,500,000,000	32,805	Курчаск	Kursk	RUD
717	Salvetino	Vicily	434,000	16,500,000,000	38,018	-	Salerno	VIC
718	Shiroyama	Nichirin	432,000	30,500,000,000	70,602	白山	Baishan	NCH
719	Isaribi	Nichirin	432,000	24,190,000,000	55,995	漁火	Pohang	NCH
720	Zürmark	Alemannia	431,000	142,000,000,000	329,466	-	Zürich	ALE
721	Gornell	Hollosend	431,000	18,800,000,000	43,619	-	Brownsville, TX	HOL
722	Kurogawa	Nichirin	429,000	10,200,000,000	23,776	黒川	Heihe-Blagoveshchensk	NCH
723	Khuramawa	Divia	425,000	5,400,000,000	12,706	-	Khorramabad	ALE
724	Nizamnagar	Arunya	424,000	10,400,000,000	24,528	निजामनगर	Ahilyanagar	ARU
725	Vestvind	E.S.U.	424,000	24,500,000,000	57,783	-	London, ON	ESU
726	Jiangling	Furan	424,000	16,500,000,000	38,915	江陵	Wenling	FUR
727	Zhadian	Guandong	424,000	16,200,000,000	38,208	闸殿	Xinyang	GUA
728	Nueva Legona	Hollosend	424,000	5,800,000,000	13,679	-	Barinas	HOL
729	Ikan	Perovska	424,000	16,400,000,000	38,679	-	Taraz	PER
730	Morensk	Sidanya	424,000	8,200,000,000	19,340	-	Mariupol	SID
731	Thebas	Kemet	422,000	8,400,000,000	19,905	-	Luxor	KMT
732	Dorigrad	Sidanya	422,000	18,800,000,000	44,550	-	Belgorod	SID
733	Hikusa	Kinshū	419,000	24,200,000,000	57,757	丘澄	Christchurch	NCH
734	Gudapa	Arunya	418,000	6,150,000,000	14,713	గుడప	Kadapa	ARU
735	Ulanongol	Axerfreditenshin	418,000	14,800,000,000	35,407	-	Ulan-Ude	AXE
736	Batman	Barbary	418,000	4,850,000,000	11,603	-	Batna	ARV
737	Namosain	Cahaya	418,000	11,500,000,000	27,512	-	Kupang	CAH
738	Ortygia	E.S.U.	418,000	18,500,000,000	44,258	-	Scranton	ESU
739	Jilandan	Seignid	418,000	24,500,000,000	58,612	-	Fuling	SGD
740	Longaw	Seignid	418,000	15,200,000,000	36,364	-	Yongzhou	SGD
741	Hinatachi	Hōrai	416,000	3,200,000,000	7,692	日立	Mymensingh	NCH
742	Govnovka	Rudania	416,000	26,800,000,000	64,423	Говновка	Surgut	RUD
743	Taonongi	Axerfreditenshin	415,000	41,200,000,000	99,277	-	Wuhai	AXE
744	Karpagó	Auritania	414,000	8,150,000,000	19,686	-	Pasto	AUR
745	Āxalpanco	Auritania	414,000	6,850,000,000	16,546	-	Tepic	AUR
746	Yuling	Furan	414,000	12,500,000,000	30,193	玉岭	Chenzhou	FUR
747	Yunokgrad	Giathka	414,000	28,450,000,000	68,720	-	Farg'ona-Margilan	GIA
748	Qingliu	Guandong	414,000	18,800,000,000	45,411	清流	Anqing	GUA
749	Curiana	Hollosend	414,000	5,800,000,000	14,010	-	Coro-Punto Fijo	HOL
750	Vivantapur	Noradia	414,000	8,200,000,000	19,807	-	Kakinada	ELV
751	Baergrund	Ponurvia	414,000	24,500,000,000	59,179	-	Bakersfield	PON
752	Magnitsk	Rudania	414,000	13,800,000,000	33,333	Магнитск	Magnitogorsk	RUD
753	Bogalang	Seignid	414,000	18,200,000,000	43,961	-	Yuxi	SGD
754	Khandkyapur	Arunya	412,000	8,450,000,000	20,510	खंडक्यापूर	Chandrapur	ARU
755	Batu Hitam	Cahaya	412,000	8,150,000,000	19,782	-	Kuantan	CAH
756	Wuling	Furan	412,000	15,800,000,000	38,350	五陵	Changde	FUR
757	Yangshen	Guandong	412,000	18,500,000,000	44,903	扬沈	Chuzhou	GUA
758	Fuhua	Guandong	412,000	16,500,000,000	40,049	符华	Xuanhua	GUA
759	Nürntal	Ponurvia	412,000	26,400,000,000	64,078	-	Stockton-Lodi	PON
760	Kalarov	Rudania	412,000	13,400,000,000	32,524	Каларов	Bryansk	RUD
761	Aoili	Seignid	412,000	16,500,000,000	40,049	-	Heyuan	SGD
762	Xarpêt	Selmira	412,000	11,400,000,000	27,670	-	Elazığ	SEL
763	Ashafa	Côte de Saumon	409,000	1,450,000,000	3,545	-	Gusau	ARV
764	Sëwas	Selmira	408,000	16,200,000,000	39,706	-	Sivas	SEL
765	Palos Verdes	Costaserá	405,000	5,850,000,000	14,444	-	Oujda	REI
766	Brunn	Alemannia	404,000	34,200,000,000	84,653	-	Brno	ALE
767	Saladique	Hollosend	404,000	5,500,000,000	13,614	-	Acarigua	HOL
768	Dakhelia	Kemet	404,000	8,600,000,000	21,287	-	Tanta	KMT
769	Vidyapura	Arunya	402,000	6,250,000,000	15,547	ವಿದ್ಯಾಪುರ	Vijayapura	ARU
770	Pris	Hollosend	402,000	42,800,000,000	106,468	-	Huntsville, AL	HOL
771	Sébastopol	East Kaukasos	401,000	11,500,000,000	28,678	-	Sevastopol	ARV
772	Bidéa	Côte de Saumon	398,000	1,250,000,000	3,141	-	Bida	ARV
773	Parish Rapids	Hollosend	398,000	31,800,000,000	79,899	-	Beaumont-Port Arthur	HOL
774	Kamassa	Hollosend	398,000	28,400,000,000	71,357	-	Chattanooga	HOL
775	Olyekanej	Nozhnorstan	394,000	11,470,000,000	29,112	-	Hami	NZH
776	Verishaya	Nozhnorstan	394,000	10,480,000,000	26,599	-	Jiuquan	NZH
777	Byer-Way	Recolotta	394,000	1,540,000,000	3,909	-	Chimolo	REC
778	Hudson	Salishia	394,000	27,180,000,000	68,985	-	Victoria, BC	SAL
779	Kusurigura	Nichirin	394,000	8,270,000,000	20,990	薬蔵	Tonghua	NCH
780	Kawarajuku	Nichirin	394,000	9,220,000,000	23,401	瓦宿	Wafangdian	NCH
781	Pěčín	Polabiny	393,000	38,500,000,000	97,964	-	Atyrau	POL
782	Oderfurt	Alemannia	392,000	28,400,000,000	72,449	-	Szczecin	ALE
783	Shivamukha	Arunya	392,000	6,850,000,000	17,474	ಶಿವಮುಖ	Shivamogga	ARU
784	Cielos Despejados	Reino	390,000	22,500,000,000	57,692	-	A Coruña	REI
785	Geislandia	Reino	390,000	19,500,000,000	50,000	-	Alicante	REI
786	Funai	Nichirin	390,000	20,280,000,000	52,000	府内 	Oita	NCH
787	Kanamine	Nichirin	385,000	7,930,000,000	20,597	金嶺	Tieling	NCH
788	Mikariba	Nichirin	385,000	7,080,000,000	18,390	御狩場	Liaoyuan	NCH
789	Himegami	Nichirin	384,700	7,540,000,000	19,600	姫神	Gongzhuling	NCH
790	Nizambhavi	Arunya	384,000	1,150,000,000	2,995	నిజామ్భావి	Nizamabad	ARU
791	Étiencourt	Arverne	384,000	14,500,000,000	37,760	-	Saint-Étienne	ARV
792	Mayombo	Cahaya	384,000	11,400,000,000	29,688	-	Baguio	CAH
793	Drevnygorod	Giathka	384,000	11,200,000,000	29,167	-	Kunduz	GIA
794	Huaikou	Guandong	384,000	16,500,000,000	42,969	淮口	Huaibei	GUA
795	Zecota	Hollosend	384,000	28,500,000,000	74,219	-	Augusta, GA	HOL
796	Kariston	Hollosend	384,000	28,400,000,000	73,958	-	Corpus Christi	HOL
797	Gilensk	Sidanya	384,000	7,800,000,000	20,313	-	Luhansk	SID
798	Citandui	Cahaya	382,000	6,450,000,000	16,885	-	Bengkulu	CAH
799	Batu Putih	Cahaya	382,000	6,250,000,000	16,361	-	Sandakan	CAH
800	Kevan	Tonkin	382,000	5,100,000,000	13,351	-	Nam Định	ARV
801	Namiura	Nichirin	379,000	13,800,000,000	36,412	波浦	Nampo	NCH
802	Iskiralsk	Rudania	378,000	8,450,000,000	22,354	Искиральск	Pavlodar	RUD
803	Falkenberg	Alemannia	375,000	32,800,000,000	87,467	-	Augsburg	ALE
804	Renedon	Arverne	375,000	21,200,000,000	56,533	-	Rennes	ARV
805	Deristopol	Sidanya	374,000	11,800,000,000	31,551	-	Vinnytsia	SID
806	Kamennaya	Rudania	373,000	11,400,000,000	30,563	Каменная	Ust'-Kamenogorsk	RUD
807	Andevre	Arverne	372,000	16,800,000,000	45,161	-	Tours	ARV
808	Mogeyov	Rudania	372,000	11,800,000,000	31,720	Могеёв	Mogilev	RUD
809	Doministad	Sidanya	372,000	11,400,000,000	30,645	-	Brest, BY	SID
810	Villa Libertador	Hollosend	367,000	5,200,000,000	14,169	-	Merida	HOL
811	Hakushiro	Nichirin	367,000	23,500,000,000	64,033	白城	Baicheng	NCH
812	Tatsuhama	Nichirin	366,000	11,500,000,000	31,421	竜浜	Wonsan	NCH
813	Kagamidaira	Nichirin	365,000	25,500,000,000	69,863	鏡平	Nagano	NCH
814	Alash-Qala	Rudania	364,000	7,850,000,000	21,566	Алаш-Кала	Semey	RUD
815	Veligandula	Arunya	362,000	8,400,000,000	23,204	వెలిగందుల	Karimnagar	ARU
816	Balukiser	Selmira	360,000	16,500,000,000	45,833	-	Balikesir	SEL
817	Prabhavati	Arunya	358,000	4,250,000,000	11,872	प्रभावती	Parbhani	ARU
818	Bierastia	Rudania	358,000	11,200,000,000	31,285	Биерастия	Grodno	RUD
819	Esturdia	Reino	353,000	25,500,000,000	72,238	-	Bilbao	REI
820	Espira	Reino	353,000	14,500,000,000	41,076	-	Córdoba	REI
821	Yongping	Guandong	352,000	12,500,000,000	35,511	永平	Yuncheng	GUA
822	Beaver Hollow	Hollosend	352,000	24,200,000,000	68,750	-	Springfield, MO	HOL
823	Visibinsk	Rudania	352,000	10,900,000,000	30,966	Висибинск	Vitsyebsk	RUD
824	Maravento	Vicilian North Aphirica	352,000	2,050,000,000	5,824	-	Garoua	VIC
825	Mostagneau	Barbary	351,000	4,100,000,000	11,681	-	Mostaganem	ARV
826	Santa Marisol	Costaserá	351,000	5,450,000,000	15,527	-	Safi	REI
827	Tsirvakka	Karjania	349,000	21,500,000,000	61,605	-	Tampere	KAR
828	Arkankeli	Karjania	349,000	14,200,000,000	40,688	-	Arkhangelsk	KAR
829	Odryssa	East Astriya	347,000	15,500,000,000	44,669	Οδρύσσα	Plovdiv	AST
830	Pueblo del Prosperidad	Auritania	346,000	12,800,000,000	36,994	-	Victoria, MX	AUR
831	Baram	Cahaya	346,000	11,600,000,000	33,526	-	Miri	CAH
832	Estella Gorge	E.S.U.	345,000	19,200,000,000	55,652	-	Lexington	ESU
833	Yaqanis	Rudania	345,000	14,200,000,000	41,159	Яканис	Yakutsk	RUD
834	Thévallée	Tonkin	343,000	6,850,000,000	19,971	-	Thái Nguyên	ARV
835	Chuparosa	Anticostia	342,000	28,800,000,000	84,211	-	Halifax	REI
836	Tzapotlan	Auritania	342,000	12,400,000,000	36,257	-	Playa del Carmen	AUR
837	Playa del Climene	Auritania	342,000	9,150,000,000	26,754	-	Oaxaca	AUR
838	Erlyors	Auritania	342,000	7,250,000,000	21,199	-	Neiva	AUR
839	Ku	Axerfreditenshin	342,000	68,500,000,000	200,292	-	Dongsheng	AXE
840	Arado	Cahaya	342,000	4,850,000,000	14,181	-	Butuan	CAH
841	Bolsem	E.S.U.	342,000	24,500,000,000	71,637	-	Fort Wayne	ESU
842	Tourcos	East Kaukasos	342,000	5,450,000,000	15,936	-	Ganja	ARV
843	Kamenetsk	Giathka	342,000	18,200,000,000	53,216	-	Nukus	GIA
844	Fort St. Louis	Hollosend	342,000	25,400,000,000	74,269	-	Mobile	HOL
845	Moreno	Hollosend	342,000	24,500,000,000	71,637	-	Pensacola	HOL
846	Santa Verena	Hollosend	342,000	1,740,000,000	5,088	-	Thies	HOL
847	Aomizu	Nichirin	342,000	10,500,000,000	30,702	青水	Hailar	NCH
848	Karazakan	Nozhnorstan	342,000	8,940,000,000	26,140	-	Kuytun	NZH
849	Dubienka	Perovska	342,000	9,850,000,000	28,801	-	Osh	PER
850	Nora-Dos	Recolotta	342,000	1,290,000,000	3,772	-	Nacala	REC
851	Tara-guay	Recolotta	342,000	1,260,000,000	3,684	-	Quelimane	REC
852	Kurglin	Rudania	342,000	6,450,000,000	18,860	Кургlin	Kurgan	RUD
853	Malmhug	Skjarnland	342,000	26,500,000,000	77,485	-	Malmö	SKJ
854	Aqmescit	East Kaukasos	339,000	9,200,000,000	27,139	-	Simferopol	ARV
855	Brdoujście	Eivorie	338,000	19,500,000,000	57,692	-	Bydgoszcz	EIV
856	Misurata	Vicily	338,000	10,400,000,000	30,769	-	Misrata	VIC
857	Snegorod	Rudania	336,000	10,400,000,000	30,952	Снегород	Nizhniy Tagil	RUD
858	Odessos	East Astriya	335,000	14,800,000,000	44,179	Όδησσός	Varna	AST
859	Bonnen	Alemannia	334,000	44,000,000,000	131,737	-	Bonn	ALE
860	Leinenfeld	Alemannia	331,000	25,500,000,000	77,039	-	Bielefeld	ALE
861	Safasso	Vicily	331,000	6,500,000,000	19,637	-	Sfax	VIC
862	Mierny Kras	Polabiny	329,000	8,400,000,000	25,532	-	Grozny	POL
863	Karihira	Nichirin	328,000	2,460,000,000	7,500	仮平 	Pyeongseong	NCH
864	Aperton	Elvester	327,000	11,800,000,000	36,086	-	Swansea	ELV
865	Kresów	Eivorie	326,000	16,500,000,000	50,613	-	Lublin	EIV
866	Asazuru	Nichirin	325,000	15,200,000,000	46,769	千島	Asahikawa	NCH
867	Serenidad	Auritania	324,000	4,250,000,000	13,117	-	Tehuacán	AUR
868	Tlatocan	Auritania	324,000	4,150,000,000	12,809	-	Popayán	AUR
869	Chinger	Axerfreditenshin	324,000	12,400,000,000	38,272	-	Chita	AXE
870	Nara	Cahaya	324,000	8,420,000,000	25,988	-	Puerto Princesa	CAH
871	Sanzhen	Furan	324,000	11,800,000,000	36,420	散振	Xiantao	FUR
872	Fuhe	Guandong	324,000	14,800,000,000	45,679	富河	Linfen	GUA
873	Tukhachevosk	Rudania	324,000	10,800,000,000	33,333	Тухачевоск	Smolensk	RUD
874	Atoyansk	Rudania	324,000	6,800,000,000	20,988	Атоянск	Oral	RUD
875	Anaatasagaram	Arunya	322,000	4,850,000,000	15,062	అనంతసాగరం	Anantapur	ARU
876	Kabimas	Hollosend	322,000	4,600,000,000	14,286	-	Cabimas	HOL
877	Minggan	Guandong	321,000	11,200,000,000	34,891	鸣杆	Bozhou	GUA
878	Kuittijärvi	Karjania	321,000	15,500,000,000	48,287	-	Cherepovets	KAR
879	Divny Potok	Polabiny	321,000	9,500,000,000	29,595	-	Vladikavkaz	POL
880	Väärnitsa	Karjania	320,000	12,800,000,000	40,000	-	Vologda	KAR
881	Grelzen	Alemannia	319,000	26,400,000,000	82,759	-	Graz	ALE
882	Breast	Arverne	318,000	14,400,000,000	45,283	-	Brest, FR	ARV
883	Ayanami	Nichirin	317,000	15,500,000,000	48,896	綾波	Naha-Okinawa City	NCH
884	Bayunava	Slytlia	317,000	15,200,000,000	47,950	-	Iaşi	SLY
885	Salvina	Hollosend	316,000	22,400,000,000	70,886	-	Greensboro	HOL
886	Senshima	Nichirin	316,000	15,500,000,000	49,051	朝鶴	Kochi, KC	NCH
887	Sokol	Rudania	316,000	9,850,000,000	31,171	Сокол	Oryol	RUD
888	Mannenheim	Alemannia	315,000	62,500,000,000	198,413	-	Mannheim	ALE
889	Karlsberg	Alemannia	314,000	39,500,000,000	125,796	-	Karlsruhe	ALE
890	Tsitsikua	Auritania	314,000	6,450,000,000	20,541	-	Uruapan	AUR
891	Yinde	Furan	314,000	14,500,000,000	46,178	隐㝵	Ningde	FUR
892	Sibirskaya	Giathka	314,000	22,400,000,000	71,338	-	Bukhara	GIA
893	Putai	Guandong	314,000	21,400,000,000	68,153	濮台	Binzhou	GUA
894	Los Niños	Reino	314,000	16,800,000,000	53,503	-	Vigo	REI
895	Akaishi	Nichirin	313,000	30,500,000,000	97,444	赤石	Ulanhot	NCH
896	Cuauhxochic	Auritania	312,000	14,200,000,000	45,513	-	Coatzacoalcos	AUR
897	Semarre	Divia	312,000	3,850,000,000	12,340	-	Samarra	ALE
898	Caldrin	E.S.U.	312,000	23,280,000,000	74,615	-	Saint Paul	ESU
899	Qingzhou	Furan	312,000	11,400,000,000	36,538	清州	Linhai	FUR
900	Yongchun	Furan	312,000	11,200,000,000	35,897	永春	Yichun, JX	FUR
901	Kema	Furan	312,000	10,200,000,000	32,692	骒马	Shaoguan	FUR
902	Pochang	Guandong	312,000	14,500,000,000	46,474	坡畅	Puyang	GUA
903	San Isidoro	Hollosend	312,000	4,200,000,000	13,462	-	Holguín	HOL
904	Balikas	Seignid	312,000	14,200,000,000	45,513	-	Sanya	SGD
905	Luala	Seignid	312,000	12,500,000,000	40,064	-	Shanwei	SGD
906	Garovia	Vicilian North Aphirica	312,000	1,250,000,000	4,006	-	Maroua	VIC
907	Mürrsten	Alemannia	311,000	25,000,000,000	80,386	-	Münster	ALE
908	Aotani	Kinshū	309,000	22,400,000,000	72,492	陽草	Geelong	NCH
909	Kurǎpol	Slytlia	309,000	23,200,000,000	75,081	-	Cluj-Napoca	SLY
910	Sunagasumi	Nichirin	309,000	1,910,000,000	6,181	砂霞	Sariwon	NCH
911	Gamulvy	Slytlia	307,000	20,500,000,000	66,775	-	Timişoara	SLY
912	Velikiy Roy	Giathka	306,000	20,500,000,000	66,993	-	Qarshi	GIA
913	Narbel	Reino	306,000	15,200,000,000	49,673	-	Valladolid	REI
914	McFarlane	Hollosend	305,000	38,500,000,000	126,230	-	Odessa-Midland	HOL
915	Bérampour	West Bangala	305,000	3,450,000,000	11,311	-	Berhampore	ARV
916	Akino	Nichirin	303,000	63,000,000,000	207,921	秋野	Akita	NCH
917	Aldea Oro	Reino	302,000	14,800,000,000	49,007	-	Gijón	REI
918	Bella Utis	Hollosend	301,000	18,200,000,000	60,465	-	Savannah	HOL
919	Sadegna	Vicily	301,000	11,200,000,000	37,209	-	Novi Sad	VIC
920	Kyzyl-Perovsk	Rudania	300,000	6,250,000,000	20,833	Кызыл-Перовск	Kyzylorda	RUD
921	Puszczyn	Eivorie	298,000	14,200,000,000	47,651	-	Białystok	EIV
922	Bidau	Cahaya	294,000	7,450,000,000	25,340	-	Dili	CAH
923	Terusan Nipah	Cahaya	294,000	4,850,000,000	16,497	-	Rạch Giá	CAH
924	Kristalinsk	Giathka	294,000	22,800,000,000	77,551	-	Türkmenabat	GIA
925	Tarnovostok	Giathka	294,000	16,400,000,000	55,782	-	Urgench	GIA
926	Jingshui	Guandong	294,000	11,800,000,000	40,136	静水	Hengshui	GUA
927	Achikulak	Perovska	294,000	6,450,000,000	21,939	-	Shache	PER
928	Cheman	Tonkin	294,000	4,250,000,000	14,456	-	Thanh Hóa	ARV
929	Carapour	West Bangala	293,000	6,250,000,000	21,331	-	Kharagpur	ARV
930	Kozukata	Nichirin	290,000	21,500,000,000	74,138	小塚田	Morioka	NCH
931	Ōyodo	Nichirin	290,000	12,910,000,000	44,517	大淀	Miyazaki	NCH
932	Litova	Morozia	288,000	35,400,000,000	122,917	-	Anchorage	MOR
933	Kinuya	Nichirin	288,000	11,520,000,000	40,000	絹屋	Jinju	NCH
934	Kazagashira	Nichirin	287,000	13,060,000,000	45,505	風頭	Nagasaki	NCH
935	Murmánska	Karjania	286,000	12,500,000,000	43,706	-	Murmansk	KAR
936	Sudakov	Sidanya	286,000	6,800,000,000	23,776	-	Chernihiv	SID
937	Gran Torre	Auritania	284,000	10,800,000,000	38,028	-	Campeche	AUR
938	Petani	Cahaya	284,000	7,150,000,000	25,176	-	Songkhla	CAH
939	Igorvsk	Giathka	284,000	18,500,000,000	65,141	-	Kokand	GIA
940	Kartov	Sidanya	284,000	6,200,000,000	21,831	-	Poltava	SID
941	Domyslava	Slytlia	284,000	14,200,000,000	50,000	-	Constanța	SLY
942	Hidamari	Nichirin	284,000	16,610,000,000	58,486	日溜	Kofu	NCH
943	Ostrau	Alemannia	283,000	19,800,000,000	69,965	-	Ostrava	ALE
944	Kalaraava	Karjania	283,000	10,800,000,000	38,163	-	Petrozavodsk	KAR
945	Kurazaki	Nichirin	282,000	10,500,000,000	37,234	鞍崎	Fukushima	NCH
946	Kijinaki	Nichirin	282,000	11,840,000,000	41,986	雉鳴	Wonju	NCH
947	Horinukida	Nichirin	282,000	15,650,000,000	55,496	掘貫田	Koriyama	NCH
948	Neaveville	Hollosend	278,000	19,200,000,000	69,065	-	Shreveport	HOL
949	Kämyrvi	Karjania	278,000	10,400,000,000	37,410	-	Kostroma	KAR
950	Alebkin	Rudania	278,000	16,400,000,000	58,993	Алебкин	Nizhnevartovsk	RUD
951	Tobau	Rudania	278,000	6,850,000,000	24,640	Тобау	Tambov	RUD
952	Yoshihama	Nichirin	277,000	26,500,000,000	95,668	吉浜	Yeosu	NCH
953	Rayachooru	Arunya	276,000	3,450,000,000	12,500	ರಾಯಚೂರು	Raichur	ARU
954	Driporus	Slytlia	276,000	5,500,000,000	19,928	-	Kherson	SLY
955	Lišaćkovo	Polabiny	275,000	12,200,000,000	44,364	-	Novorossiysk	POL
956	Rassvetin	Rudania	274,000	6,250,000,000	22,810	Рассветин	Sterlitamak	RUD
957	Nimdallr	Skjarnland	274,000	32,800,000,000	119,708	-	Bergen	SKJ
958	Sahara City	E.S.U.	273,000	14,200,000,000	52,015	-	Atlantic City	ESU
959	Stirsgrad	Sidanya	273,000	7,400,000,000	27,106	-	Cherkasy	SID
960	Olryretsk	Rudania	272,000	5,250,000,000	19,301	Олрыретск	Yoshkar-Ola	RUD
961	Grovingard	Sidanya	272,000	7,200,000,000	26,471	-	Zhytomyr	SID
962	Manzanita	Hollosend	271,000	18,500,000,000	68,266	-	Lubbock	HOL
963	Aizome	Nichirin	271,000	16,120,000,000	59,483	藍染	Tokushima	NCH
964	Braneyětsi	Slytlia	270,000	11,300,000,000	41,852	-	Craiova	SLY
965	Hammerford	Hollosend	268,000	16,500,000,000	61,567	-	Laredo	HOL
966	Csernovic	Genosa	267,000	5,800,000,000	21,723	-	Chernivtsi	GEN
967	Aoyu	Nichirin	267,000	1,730,000,000	6,479	青釉	Kaesong	NCH
968	Sile	Kemet	266,000	5,200,000,000	19,549	-	Aswan	KMT
969	Plimuth	Elvester	265,000	12,400,000,000	46,792	-	Plymouth	ELV
970	Bahārabad	Varahmehr	265,000	8,200,000,000	30,943	بهارآباد	Dezful	VAR
971	Jangsak	Cahaya	264,000	24,500,000,000	92,803	-	Bandar Seri Begawan	CAH
972	Tsuruse	Ryūgu	264,000	3,120,000,000	11,818	鶴瀬	Atbara-Damir	NCH
973	Glerden	Alemannia	262,000	18,000,000,000	68,702	-	Mönchengladbach	ALE
974	Geronde	Arverne	262,000	11,500,000,000	43,893	-	Girona	ARV
975	Anandpaur	Noradia	262,000	3,850,000,000	14,695	-	Vizianagaram	ELV
976	Lefkoşa	Selmira	262,000	14,500,000,000	55,344	-	Nicosia	SEL
977	Shionome	Nichirin	262,000	1,570,000,000	5,992	潮目	Haeju	NCH
978	Makovi	Sidanya	260,000	5,400,000,000	20,769	-	Sumy	SID
979	Tanikai	Nichirin	259,000	24,000,000,000	92,664	谷海	Kanggye	NCH
980	Kambamettu	Arunya	258,000	4,150,000,000	16,085	కంబమెట్టు	Khammam	ARU
981	Ashford	Hollosend	258,000	19,200,000,000	74,419	-	Fort Myers	HOL
982	Ayocuan	Hollosend	258,000	5,400,000,000	20,930	-	Paramaribo	HOL
983	Peggano	Vicily	258,000	8,600,000,000	33,333	-	Niš	VIC
984	Werpestade	Alemannia	256,000	26,000,000,000	101,563	-	Wuppertal	ALE
985	Outnia	E.S.U.	256,000	17,800,000,000	69,531	-	South Bend	ESU
986	Akenau	Alemannia	254,000	31,500,000,000	124,016	-	Aachen	ALE
987	Bǎsavo	Slytlia	254,000	14,000,000,000	55,118	-	Braşov	SLY
988	Brunswich	Alemannia	251,000	22,000,000,000	87,649	-	Braunschweig	ALE
989	Furumiya	Nichirin	251,000	10,290,000,000	40,996	古宮	Iksan	NCH
990	Hlašyta	Slytlia	250,000	10,000,000,000	40,000	-	Galaţi	SLY
991	Tonatiuhpan	Auritania	248,000	8,250,000,000	33,266	-	Chetumal	AUR
992	Rizzana	Vicily	248,000	7,800,000,000	31,452	-	Pristina	VIC
993	Kjellshaven	Alemannia	247,000	21,500,000,000	87,045	-	Kiel	ALE
994	Sekidome	Nichirin	247,000	14,330,000,000	58,016	関留	Iwaki	NCH
995	Vangaprolu	Arunya	246,000	3,250,000,000	13,211	వంగప్రోలు	Ongole	ARU
996	Longyuan	Furan	246,000	8,200,000,000	33,333	龙源	Longyan	FUR
997	Gusev	Rudania	246,000	9,150,000,000	37,195	Гусев	Stary Oskol	RUD
998	Pergamis	Hollosend	245,000	17,500,000,000	71,429	-	Winston-Salem	HOL
999	Stóll	Reino	245,000	10,500,000,000	42,857	-	Cádiz	REI
1000	Tessano	Vicily	245,000	13,400,000,000	54,694	-	Trieste	VIC
1001	Ichijō	Nichirin	245,000	15,070,000,000	61,510	一乗	Fukui	NCH
1002	Eynde	Alemannia	244,000	51,000,000,000	209,016	-	Eindhoven	ALE
1003	Qamişlo	Divia	243,000	1,850,000,000	7,613	-	Al Qamishli	ALE
1004	Erias	E.S.U.	243,000	11,400,000,000	46,914	-	Erie	ESU
1005	Brimstone	Hollosend	243,000	16,800,000,000	69,136	-	Lafayette	HOL
1006	Silvastria	Hollosend	243,000	16,200,000,000	66,667	-	Fayetteville, NC	HOL
1007	Kovno	Livonia	243,000	14,200,000,000	58,436	-	Kaunas	LIV
1008	Mayza	Selmira	243,000	3,800,000,000	15,638	-	Tripoli, LB	SEL
1009	Patria	Vicily	243,000	9,800,000,000	40,329	-	Patras	VIC
1010	Ikanikan	Cahaya	242,000	5,450,000,000	22,521	-	Sibu	CAH
1011	Solano	Hollosend	242,000	1,320,000,000	5,455	-	Ziguinchor	HOL
1012	Maybore	Hollosend	242,000	1,310,000,000	5,413	-	M'Bour	HOL
1013	Kahoney	Hollosend	242,000	1,180,000,000	4,876	-	Kaolack	HOL
1014	La Torre	Hollosend	242,000	1,140,000,000	4,711	-	Saint-Louis, SN	HOL
1015	Purushottamkshetra	Noradia	242,000	3,450,000,000	14,256	-	Puri	ELV
1016	Galmazakan	Nozhnorstan	242,000	5,470,000,000	22,603	-	Golmud	NZH
1017	Mira-Jo	Recolotta	242,000	890,000,000	3,678	-	Pemba	REC
1018	Dyr	Recolotta	242,000	780,000,000	3,223	-	Lichinga	REC
1019	Nasyptsk	Rudania	242,000	5,450,000,000	22,521	Насыптск	Syktyvkar	RUD
1020	Penance	Salishia	242,000	16,940,000,000	70,000	-	Kennewick-Richland-Pasco	SAL
1021	Vindvik	Skjarnland	242,000	41,000,000,000	169,421	-	Stavanger	SKJ
1022	Kadohara	Nichirin	242,000	4,620,000,000	19,091	門原	Kaiyuan, LN	NCH
1023	Benigata	Nichirin	242,000	5,810,000,000	24,008	紅潟	Panshan	NCH
1024	Umetsuji	Nichirin	242,000	5,420,000,000	22,397	梅辻	Meihekou	NCH
1025	Ryōto	Nichirin	242,000	4,920,000,000	20,331	陵都	Dunhua	NCH
1026	Sakaimori	Nichirin	242,000	5,320,000,000	21,983	境守	Hunchun	NCH
1027	Kusanami	Nichirin	242,000	3,920,000,000	16,198	草波	Zhaodong	NCH
1028	Sōtenkō	Nichirin	241,000	34,500,000,000	143,154	蒼天港	Fuji	NCH
1029	Kasovice	Nitravia	241,000	18,500,000,000	76,763	-	Košice	NIT
1030	Durasso	Vicily	239,000	5,400,000,000	22,594	-	Durrës	VIC
1031	Århaus	Skjarnland	238,000	19,500,000,000	81,933	-	Aarhus	SKJ
1032	Magdelstein	Alemannia	236,000	16,800,000,000	71,186	-	Magdeburg	ALE
1033	Komekura	Nichirin	236,000	9,910,000,000	41,992	米倉	Gunsan	NCH
1034	Watagumo	Nichirin	235,000	8,460,000,000	36,000	綿雲 	Mokpo	NCH
1035	Illup	E.S.U.	234,000	13,800,000,000	58,974	-	Windsor, ON	ESU
1036	Permskoye	Rudania	234,000	8,850,000,000	37,821	Пермское	Komsomolsk-on-Amur	RUD
1037	Colter	Elvester	232,000	18,200,000,000	78,448	-	Cork	ELV
1038	Yongguan	Furan	232,000	7,400,000,000	31,897	咏馆	Sanming	FUR
1039	Roanoke	Hollosend	232,000	16,500,000,000	71,121	-	Fayetteville, AR	HOL
1040	Carmeloma	Hollosend	232,000	3,200,000,000	13,793	-	Santa Clara, CU	HOL
1041	Falkenheim	Sankt Gerold Island	232,000	4,850,000,000	20,905	-	Sorong	ALE
1042	Kis-Brasso	Uj-Pannonia	230,000	2,850,000,000	12,391	-	Jorhat	GEN
1043	Irie	Nichirin	230,000	10,930,000,000	47,522	入江	Sasebo	NCH
1044	Bougie	Barbary	228,000	2,850,000,000	12,500	-	Bejala	ARV
1045	Norcombe	Elvester	228,000	10,400,000,000	45,614	-	Norwich	ELV
1046	Valden	Hollosend	226,000	22,500,000,000	99,558	-	Georgetown	HOL
1047	Utsinsk	Rudania	226,000	11,450,000,000	50,664	Уцинск	Bratsk	RUD
1048	Tarnovsky	Sidanya	226,000	6,500,000,000	28,761	-	Ternopil	SID
1049	Flevens	Alemannia	224,000	12,500,000,000	55,804	-	Almere	ALE
1050	Karpagó	Reino	224,000	10,200,000,000	45,536	-	Cartagena	REI
1051	Spaletta	Vicily	224,000	9,800,000,000	43,750	-	Split	VIC
1052	Marzbān	Varahmehr	223,000	9,500,000,000	42,601	مرزبان	Bushehr	VAR
1053	Somerdale	E.S.U.	222,000	18,500,000,000	83,333	-	Green Bay	ESU
1054	Yatsuura	Nichirin	222,000	44,000,000,000	198,198	八浦	Hachinohe	NCH
1055	Maintal	Alemannia	221,000	21,500,000,000	97,285	-	Mainz	ALE
1056	Suchester	Elvester	221,000	16,500,000,000	74,661	-	Aberdeen	ELV
1057	Imonozato	Nichirin	221,000	11,380,000,000	51,493	鋳物里 	Yamagata	NCH
1058	Świętogóra	Eivorie	220,000	11,800,000,000	53,636	-	Częstochowa	EIV
1059	Tarracon	Arverne	218,000	10,800,000,000	49,541	-	Tarragona	ARV
1060	Nuna	E.S.U.	218,000	11,200,000,000	51,376	-	Barrie	ESU
1061	Montbach	Kogelland	218,000	6,150,000,000	28,211	-	Puerto Montt	ALE
1062	Eton	Sidanya	218,000	6,400,000,000	29,358	-	Lutsk	SID
1063	Umagome	Nichirin	218,000	12,430,000,000	57,018	馬込	Matsumoto	NCH
1064	Árnica	Reino	217,000	14,200,000,000	65,438	-	Pamplona	REI
1065	Cakobau	New Celyddon	216,000	3,650,000,000	16,898	-	Suva	ELV
1066	Luviania	Vicily	216,000	14,500,000,000	67,130	-	Ljubljana	VIC
1067	Barranco	Auritania	214,000	4,920,000,000	22,991	-	Barrancabermeja	AUR
1068	Villa del Sol	Auritania	214,000	3,450,000,000	16,121	-	San Cristóbal de las Casas	AUR
1069	Serapat	Cahaya	214,000	5,420,000,000	25,327	-	Palangkaraya	CAH
1070	Enambatu	Cahaya	214,000	3,850,000,000	17,991	-	Pematangsiantar	CAH
1071	Moonstone	E.S.U.	214,000	14,500,000,000	67,757	-	Rockford, IL	ESU
1072	Shengyuan	Furan	214,000	8,400,000,000	39,252	圣源	Guangyuan	FUR
1073	Mesonia	Hollosend	214,000	14,500,000,000	67,757	-	Jackson, MS	HOL
1074	Dranne	Ponurvia	214,000	18,800,000,000	87,850	-	Santa Barbara	PON
1075	Teuvenberg	Ponurvia	214,000	11,500,000,000	53,738	-	Ensenada	PON
1076	Ten-Karat	Recolotta	214,000	680,000,000	3,178	-	Mocuba	REC
1077	Alei	Seignid	214,000	12,200,000,000	57,009	-	Yangjiang	SGD
1078	Irineta	Seignid	214,000	10,800,000,000	50,467	-	Qinzhou	SGD
1079	Malobu	Seignid	214,000	9,200,000,000	42,991	-	Gejiu	SGD
1080	Dengjiakou	Seignid	214,000	8,500,000,000	39,720	-	Tongren	SGD
1081	Nowgorod	Karjania	213,000	8,400,000,000	39,437	-	Velikiy Novgorod	KAR
1082	Terao	Nichirin	213,000	8,950,000,000	42,019	寺尾	Suncheon	NCH
1083	Welstenberg	Alemannia	212,000	17,200,000,000	81,132	-	Würzburg	ALE
1084	Bhusawl Peta	Arunya	212,000	3,150,000,000	14,858	भुसावळ पेठ	Bhusawal	ARU
1085	Starfell	E.S.U.	212,000	12,800,000,000	60,377	-	Portland, ME	ESU
1086	Bianzhou	Guandong	212,000	10,400,000,000	49,057	汴舟	Suizhou	GUA
1087	Morrisville	Hollosend	212,000	14,200,000,000	66,981	-	Columbus, GA	HOL
1088	Kawaoka	Nichirin	212,000	4,000,000,000	18,868	川岡	Gangneung	NCH
1089	Ulan-Khol	Perovska	212,000	5,250,000,000	24,764	-	Hotan	PER
1090	Tarabozan	Selmira	212,000	9,500,000,000	44,811	-	Trabzon	SEL
1091	Saint-Georges	South Pelagonia	212,000	6,850,000,000	32,311	-	George, ZA	ARV
1092	Erpesfurt	Alemannia	211,000	14,500,000,000	68,720	-	Erfurt	ALE
1093	Rusćine	Arverne	211,000	7,400,000,000	35,071	-	Perpignan	ARV
1094	Balsam Rise	E.S.U.	211,000	10,800,000,000	51,185	-	Roanoke	ESU
1095	Keigaku	Nichirin	211,000	2,400,000,000	11,374	恵岳	Hyesan	NCH
1096	Nikonya	Selmira	211,000	8,200,000,000	38,863	-	Çorum	SEL
1097	Nikolaevsk	Rudania	210,000	4,850,000,000	23,095	Николаевск	Kostanay	RUD
1098	Shib'a	Shivon	210,000	13,500,000,000	64,286	שִׁבְעָה	Be'er Sheva	SHI
1099	Corvus	E.S.U.	208,000	12,200,000,000	58,654	-	Charleston, WV	ESU
1100	Meshkavitsk	Giathka	208,000	12,100,000,000	58,173	-	Khujand	GIA
1101	Strawberry	Hollosend	208,000	14,800,000,000	71,154	-	Amarillo	HOL
1102	Leetown	Hollosend	208,000	13,800,000,000	66,346	-	Montgomery, AL	HOL
1103	Åulot	Karjania	208,000	13,500,000,000	64,904	-	Oulu	KAR
1104	Poddol̂e	Polabiny	208,000	8,200,000,000	39,423	-	Pyatigorsk	POL
1105	Galleta	Reino	208,000	8,400,000,000	40,385	-	Braga	REI
1106	Sikov	Rudania	208,000	6,450,000,000	31,010	Сиков	Pskov	RUD
1107	Rosthaven	Alemannia	207,000	13,800,000,000	66,667	-	Rostock	ALE
1108	Villanova	Vicily	207,000	7,400,000,000	35,749	-	Banja Luka	VIC
1109	Hanibethel	E.S.U.	206,000	15,500,000,000	75,243	-	Peoria	ESU
1110	Tamiatta	Kemet	206,000	4,200,000,000	20,388	-	Damietta	KMT
1111	Deyrë Zor	Shivon	206,000	1,650,000,000	8,010	דֵּיר אֶז-זוֹר	Dayr Az Zawr	SHI
1112	Grunnen	Alemannia	205,000	24,500,000,000	119,512	-	Groningen	ALE
1113	Kastelmark	Alemannia	204,000	19,500,000,000	95,588	-	Kassel	ALE
1114	Union Creek	Hollosend	204,000	14,500,000,000	71,078	-	Asheville	HOL
1115	Römpöla	Karjania	204,000	11,800,000,000	57,843	-	Turku	KAR
1116	Kumbaya	Southeast Aphirica	204,000	620,000,000	3,039	-	Wau	SHI
1117	Harusame	Nichirin	204,000	8,360,000,000	40,980	春雨	Chuncheon	NCH
1118	Tilburg	Alemannia	203,000	14,500,000,000	71,429	-	Tilburg	ALE
1119	Lusol	Arverne	203,000	8,200,000,000	40,394	-	Pau	ARV
1120	Okasumi	Kinshū	203,000	16,400,000,000	80,788	青谷	Wellington	NCH
1121	Kabagishi	Nichirin	203,000	41,000,000,000	201,970	樺岸	Yuzhno-Sakhalinsk	NCH
1122	Koperników	Eivorie	202,000	12,200,000,000	60,396	-	Toruń	EIV
1123	Pyrgos	East Astriya	201,000	9,200,000,000	45,771	Πύργος	Burgas	AST
1124	Dunbryn	Hollosend	201,000	18,200,000,000	90,547	-	College Station	HOL
1125	Dragunov	Rudania	201,000	4,450,000,000	22,139	Драгунов	Petropavl	RUD
1126	Lemesos	Selmira	201,000	12,800,000,000	63,682	-	Limassol	SEL
1127	Nidaros	Skjarnland	201,000	20,500,000,000	101,990	-	Trondheim	SKJ
1128	Payahan	Cahaya	198,000	5,150,000,000	26,010	-	Legazpi	CAH
1129	Sehnda	E.S.U.	198,000	10,200,000,000	51,515	-	Sherbrooke	ESU
1130	Sanshan	Guandong	198,000	8,200,000,000	41,414	三山	Hebi	GUA
1131	Talwahasi	Hollosend	198,000	13,500,000,000	68,182	-	Tallahassee	HOL
1132	Sanogród	Eivorie	197,000	12,800,000,000	64,975	-	Rzeszów	EIV
1133	Harran	Arunya	196,000	3,150,000,000	16,071	ಹರನ್	Hassan	ARU
1134	Leonidgrad	Giathka	194,000	11,200,000,000	57,732	-	Jizzakh	GIA
1135	Eyrborg	Skjarnland	194,000	15,200,000,000	78,351	-	Uppsala	SKJ
1136	Hongay	Tonkin	194,000	5,450,000,000	28,093	-	Hạ Long	ARV
1137	Ramsapolis	Kemet	193,000	3,850,000,000	19,948	-	Beni Suef	KMT
1138	Mokissos	Selmira	193,000	7,800,000,000	40,415	-	Kırıkkale	SEL
1139	González Perfecto	Auritania	192,000	12,200,000,000	63,542	-	Ciudad del Carmen	AUR
1140	Sakez	East Kaukasos	192,000	2,850,000,000	14,844	-	Saqqez	ARV
1141	Dimitrovsk	Giathka	192,000	6,150,000,000	32,031		Turkestan	GIA
1142	Yarovo	Giathka	192,000	4,120,000,000	21,458	-	Ghazni	GIA
1143	Brennand	Hollosend	192,000	12,200,000,000	63,542	-	Fort Smith, AR	HOL
1144	Kusune	Hōrai	192,000	1,450,000,000	7,552	糸根	Tangail	NCH
1145	Nangke	Seignid	192,000	8,400,000,000	43,750	-	Hezhou	SGD
1146	Catloban	Seignid	192,000	8,400,000,000	43,750	-	Bose	SGD
1147	Mohonon	Shivon	192,000	1,850,000,000	9,635	מָחֳנוֹן	Arish	SHI
1148	Fort George	Hollosend	191,000	13,800,000,000	72,251	-	Killeen	HOL
1149	Sekiringaku	Nichirin	189,000	12,800,000,000	67,725	石林岳	Xilinhot	NCH
1150	Yalpanam	Arunya	188,000	2,150,000,000	11,436	யாழ்ப்பாணம்	Jaffna	ARU
1151	Andropov	Rudania	188,000	5,150,000,000	27,394	Андропов	Rybinsk	RUD
1152	Bridara	Alemannia	186,000	13,000,000,000	69,892	-	Breda	ALE
1153	Nantingou	Côte de Saumon	186,000	640,000,000	3,441	-	Djougou	ARV
1154	Cosgale	E.S.U.	186,000	12,200,000,000	65,591	-	Saginaw-Bay City	ESU
1155	Batoum	East Kaukasos	186,000	3,850,000,000	20,699	-	Batumi	ARV
1156	Naucano	Hollosend	186,000	13,400,000,000	72,043	-	Wilmington, NC	HOL
1157	Jovellano	Hollosend	186,000	2,600,000,000	13,978	-	Cienfuegos	HOL
1158	Falkmere	Hollosend	186,000	680,000,000	3,656	-	Port-de-Paix	HOL
1159	Eichenau	Neuhollmar	186,000	11,400,000,000	61,290	-	Hamilton	ALE
1160	Rosenveldt	Ponurvia	186,000	14,200,000,000	76,344	-	Santa Rosa	PON
1161	Kastala	Reino	186,000	9,200,000,000	49,462	-	Castellón	REI
1162	Solorsk	Rudania	186,000	4,200,000,000	22,581	Солорск	Orsk	RUD
1163	Udupa	Arunya	184,000	5,450,000,000	29,620	ಉಡುಪ	Udupi	ARU
1164	Nuevo Hammerford	Auritania	184,000	9,250,000,000	50,272	-	Lazaro Cárdenas	AUR
1165	Cochinay	Hollosend	184,000	12,500,000,000	67,935	-	Clarksville, TN	HOL
1166	Fort Madison	Hollosend	184,000	750,000,000	4,076	-	Bo	HOL
1167	Simpanssilahti	Kullanmaan	184,000	4,250,000,000	23,098	-	San-Pédro	KAR
1168	Nagatani	Nichirin	184,000	24,500,000,000	133,152	長谷	Ussuriysk	NCH
1169	Jichevno	Nozhnorstan	184,000	5,460,000,000	29,674	-	Jinchang	NZH
1170	Volskoya	Nozhnorstan	184,000	4,410,000,000	23,967	-	Dunhuang	NZH
1171	Reedbank	Recolotta	184,000	810,000,000	4,402	-	Tete	REC
1172	Sykaran	Rudania	184,000	4,250,000,000	23,098	Сыкаран	Balakovo	RUD
1173	Abazan	Rudania	184,000	4,150,000,000	22,554	Абазан	Abakan	RUD
1174	Chemeketa	Salishia	184,000	13,420,000,000	72,935	-	Salem, OR	SAL
1175	Agila-Talois	Seignid	184,000	9,800,000,000	53,261	-	Yunfu	SGD
1176	Matara	South Pelagonia	184,000	2,150,000,000	11,685	-	Mthatha	ARV
1177	Ndorena	Vicilian North Aphirica	184,000	1,050,000,000	5,707	-	Moundou	VIC
1178	Remaire	Arverne	183,000	8,400,000,000	45,902	-	Reims	ARV
1179	Arisca	Vicily	183,000	7,400,000,000	40,437	-	Larisa	VIC
1180	Maplestone	E.S.U.	182,000	9,800,000,000	53,846	-	State College	ESU
1181	Port-de-Orssier	Napolyon Bonparterre Islands	182,000	7,650,000,000	42,033	-	Noumea	ARV
1182	Luzou	Seignid	182,000	6,800,000,000	37,363	-	Xingyi	SGD
1183	Tekonah	Ponurvia	181,000	14,500,000,000	80,110	-	Eugene	PON
1184	Hyakutawara	Nichirin	181,000	10,140,000,000	56,022	百俵	Nagaoka	NCH
1185	Fuerte Principe	Hollosend	180,000	2,400,000,000	13,333	-	Las Tunas	HOL
1186	Güzelhisar	Selmira	180,000	8,400,000,000	46,667	-	Aydın	SEL
1187	Der'myansk	Rudania	178,000	14,200,000,000	79,775	Дерьмянск	Norilsk	RUD
1188	Kameshki	Rudania	178,000	3,850,000,000	21,629	Камешки	Kamensk-Uralsky	RUD
1189	Dukuzaya	Southeast Aphirica	178,000	410,000,000	2,303	-	Malakal	SHI
1190	Gorizza	Vicily	178,000	6,200,000,000	34,831	-	Podgorica	VIC
1191	Versberre	Arverne	177,000	6,100,000,000	34,463	-	Béziers	ARV
1192	Druskivik	Skjarnland	177,000	13,800,000,000	77,966	-	Odense	SKJ
1193	Linden	Alemannia	176,000	15,800,000,000	89,773	-	Linz	ALE
1194	Fort Pinevale	E.S.U.	176,000	8,600,000,000	48,864	-	Bowling Green	ESU
1195	Brado	Reino	176,000	7,200,000,000	40,909	-	Albacete	REI
1196	Kanderun	Selmira	176,000	8,600,000,000	48,864	-	Iskenderun	SEL
1197	Fort Union	E.S.U.	175,000	10,400,000,000	59,429	-	Manchester, NH	ESU
1198	Kommodorefels	Kogelland	175,000	8,200,000,000	46,857	-	Comodoro Rivadavia	ALE
1199	Balni	Arunya	174,000	1,950,000,000	11,207	बळणी	Beed	ARU
1200	Suague	Auritania	174,000	3,850,000,000	22,126	-	Tunja	AUR
1201	Kemena	Cahaya	174,000	14,800,000,000	85,057	-	Bintulu	CAH
1202	Koyban	East Kaukasos	174,000	3,150,000,000	18,103	-	Khvoy	ARV
1203	Camberford	Hollosend	174,000	780,000,000	4,483	-	Kindia	HOL
1204	Vihar	Noradia	174,000	2,250,000,000	12,931	-	Hazaribag	ELV
1205	Balikura	Noradia	174,000	2,150,000,000	12,356	-	Srikakulam	ELV
1206	Volkstrom	Ponurvia	174,000	12,800,000,000	73,563	-	Medford, OR	PON
1207	Conriat	Reino	174,000	13,200,000,000	75,862	-	San Sebastián	REI
1208	Buranachesk	Rudania	174,000	4,250,000,000	24,425	Бураначеск	Baranavichy	RUD
1209	Lydahisar	Selmira	174,000	7,400,000,000	42,529	-	Uşak	SEL
1210	Nuevo Refugio	Reino	173,000	7,400,000,000	42,775	-	Salamanca	REI
1211	Bersel	Alemannia	172,000	78,500,000,000	456,395	-	Basel	ALE
1212	Örnstenbrügge	Alemannia	172,000	16,500,000,000	95,930	-	Osnabrück	ALE
1213	Jeziorowsk	Eivorie	172,000	8,800,000,000	51,163	-	Olsztyn	EIV
1214	Chernovar	Giathka	172,000	9,850,000,000	57,267	-	Chirchiq	GIA
1215	Camberlyn	Hollosend	172,000	12,500,000,000	72,674	-	Waco	HOL
1216	Narbask	Hollosend	172,000	12,400,000,000	72,093	-	Gainesville	HOL
1217	Titanes	Reino	172,000	7,200,000,000	41,860	-	Coimbra	REI
1218	Kamkatska	Rudania	172,000	6,250,000,000	36,337	Камкатска	Petropavlovsk-Kamchatskiy	RUD
1219	Siyezda	Rudania	172,000	4,250,000,000	24,709	Сиезда	Prokopyevsk	RUD
1220	Merkez	Selmira	172,000	7,200,000,000	41,860	-	Aksaray	SEL
1221	Kamfa	Tonkin	172,000	3,250,000,000	18,895	-	Cẩm Phả	ARV
1222	Ayata	Hollosend	171,000	2,400,000,000	14,035	-	Cárdenas, CU	HOL
1223	Zhaur	Rudania	171,000	4,150,000,000	24,269	Жаур	Temirtau	RUD
1224	Ulan-Ovoo	Nichirin	171,000	3,130,000,000	18,304	ウラン・オボー	Hulan Ergi	NCH
1225	Iwatsu	Nichirin	169,000	1,060,000,000	6,272	岩津	Kimchaek	NCH
1226	Vaasugada	Arunya	168,000	2,450,000,000	14,583	वासुगडा	Vasco da Gama	ARU
1227	Zavkhan	Perovska	168,000	6,200,000,000	36,905	-	Taldykorgan	PER
1228	Nutappet	Nichirin	168,000	8,400,000,000	50,000	沼田別	Obihiro	NCH
1229	Dobrezliem	Genosa	167,000	11,200,000,000	67,066	-	Debrecen	GEN
1230	Aldenbergen	Alemannia	166,000	13,500,000,000	81,325	-	Oldenburg	ALE
1231	Ewing Basin	E.S.U.	166,000	9,500,000,000	57,229	-	Sudbury	ESU
1232	Dharamapur	Noradia	166,000	1,950,000,000	11,747	-	Ambikapur	ELV
1233	Laodicea	Selmira	166,000	2,400,000,000	14,458	-	Latakia	SEL
1234	Saderno	Vicily	166,000	6,200,000,000	37,349	-	Rijeka	VIC
1235	Neerkalamburu	Arunya	164,000	2,450,000,000	14,939	නීර්කලම්බුරුව	Negombo	ARU
1236	Tabaruan	Cahaya	164,000	4,250,000,000	25,915	-	Tuguegarao	CAH
1237	Orlovsk	Giathka	164,000	3,850,000,000	23,476	-	Khost	GIA
1238	Harlenau	Alemannia	163,000	15,000,000,000	92,025	-	Haarlem	ALE
1239	Carruther	Hollosend	163,000	11,400,000,000	69,939	-	Topeka	HOL
1240	Tacugoza	Hollosend	163,000	2,200,000,000	13,497	-	Valera	HOL
1241	Blaulohn	Ponurvia	163,000	12,200,000,000	74,847	-	Salinas, CA	PON
1242	Āb-e Shirin	Varahmehr	163,000	13,500,000,000	82,822	آب شیرین	Bandar-e Mahshahr	VAR
1243	Johannshafen	Andam Islands	162,000	2,850,000,000	17,593	-	Sri Vijaya Puram	ALE
1244	San Bonifacio	Auritania	162,000	3,120,000,000	19,259	-	Florencia	AUR
1245	Acatlazohuacan	Auritania	162,000	2,150,000,000	13,272	-	Tuxtepec	AUR
1246	Biram	Côte de Saumon	162,000	820,000,000	5,062	-	Hadejia	ARV
1247	Yalin	Furan	162,000	12,200,000,000	75,309	雅林	Yanan	FUR
1248	Chouzhou	Furan	162,000	4,200,000,000	25,926	綢州	Leiyang	FUR
1249	Eastmere	Hollosend	162,000	640,000,000	3,951	-	Kenema	HOL
1250	Flutheim	Neuhollmar	162,000	9,850,000,000	60,802	-	Tauranga	ALE
1251	Neigawa	Nichirin	162,000	10,500,000,000	64,815	音川	Hoeryong	NCH
1252	New Colter	Salishia	162,000	10,850,000,000	66,975	-	Kelowna	SAL
1253	Manyabas	Seignid	162,000	7,400,000,000	45,679	-	Kaiyuan, YN	SGD
1254	Rosthollow	Hollosend	161,000	8,200,000,000	50,932	-	Cayenne	HOL
1255	Ercolano	Vicily	161,000	8,400,000,000	52,174	-	Perugia	VIC
1256	Kotodai	Nichirin	161,000	6,760,000,000	41,988	琴台	Chungju	NCH
1257	Ölzen	Alemannia	159,000	10,600,000,000	66,667	-	Olomouc	ALE
1258	Tsurutani	Nichirin	159,000	2,800,000,000	17,610	鶴谷	Kushiro	NCH
1259	Annesburg East	E.S.U.	158,000	9,500,000,000	60,127	-	St. Louis (East of River)	ESU
1260	Harcepolis	Hollosend	158,000	10,200,000,000	64,557	-	Johnson City, TN	HOL
1261	Utinenza	Vicily	158,000	10,200,000,000	64,557	-	Udine	VIC
1262	Lugenpier	Alemannia	157,000	24,500,000,000	156,051	-	Lugano	ALE
1263	Innstein	Alemannia	157,000	12,400,000,000	78,981	-	Innsbruck	ALE
1264	Divignac	Arverne	157,000	8,300,000,000	52,866	-	Dijon	ARV
1265	Tadaki	Nichirin	157,000	1,450,000,000	9,236	多滝	Jagdaqi	NCH
1266	Arpi	Vicily	157,000	4,800,000,000	30,573	-	Foggia	VIC
1267	Sankt Michell	Albatrossinseln	156,000	5,450,000,000	34,936	-	Saint-Denis, RE	ALE
1268	Sattarapur	Arunya	156,000	3,850,000,000	24,679	सातारापूर	Satara	ARU
1269	Zoryansk	Giathka	156,000	14,200,000,000	91,026	-	Navoiy	GIA
1270	Serenidad	Reino	156,000	6,100,000,000	39,103	-	Badajoz	REI
1271	Yulayev	Rudania	156,000	4,150,000,000	26,603	Юлаев	Salavat	RUD
1272	Luzilbourg	Arverne	155,000	85,000,000,000	548,387	-	Luxembourg	ARV
1273	New Shefford	E.S.U.	155,000	8,200,000,000	52,903	-	Dover, DE	ESU
1274	Blevins	Hollosend	155,000	11,500,000,000	74,194	-	Tyler, TX	HOL
1275	Fort Hawkins	Hollosend	155,000	10,800,000,000	69,677	-	Macon	HOL
1276	Bergheim	Kogelland	154,000	3,850,000,000	25,000	-	Bariloche	ALE
1277	Borndal	Alemannia	153,000	12,000,000,000	78,431	-	Paderborn	ALE
1278	Nemunagashi	Nichirin	153,000	7,110,000,000	46,471	眠流	Hirosaki	NCH
1279	Kakashask	Rudania	152,000	3,150,000,000	20,724	Какашаск	Zlatoust	RUD
1280	Nashun	Seignid	152,000	4,200,000,000	27,632	-	Jishou	SGD
1281	Sybau	Skjarnland	152,000	10,800,000,000	71,053	-	Norrköping	SKJ
1282	Eraclea	Vicily	152,000	5,800,000,000	38,158	-	Heraklion	VIC
1283	Cavares	Arverne	151,000	6,300,000,000	41,722	-	Nîmes	ARV
1284	Haliville	E.S.U.	151,000	11,400,000,000	75,497	-	Kalamazoo	ESU
1285	Willard	Hollosend	151,000	10,400,000,000	68,874	-	Columbia, MO	HOL
1286	Memlyn	Livonia	151,000	8,200,000,000	54,305	-	Klaipėda	LIV
1287	Istonia	Sidanya	151,000	3,100,000,000	20,530	-	Melitopol	SID
1288	Zarentia	Vicily	151,000	5,200,000,000	34,437	-	Catanzaro	VIC
1289	Pristinia	East Astriya	150,000	6,500,000,000	43,333	Πριστίνια	Rousse	AST
1290	Yawae	Nichirin	149,000	680,000,000	4,564	八重	Nenjiang	NCH
1291	Yakishi	Nichirin	149,000	520,000,000	3,490	八輝士	Yakeshi	NCH
1292	Yevata	Arunya	148,000	1,250,000,000	8,446	येवता	Yavatmal	ARU
1293	Koutaissi	East Kaukasos	148,000	2,450,000,000	16,554	-	Kutaisi	ARV
1294	Ekantapur	Noradia	148,000	1,850,000,000	12,500	-	Jagdalpur	ELV
1295	Bandar Mehr	Varahmehr	148,000	10,200,000,000	68,919	بندر مهر	Sohar	VAR
1296	Fehérváros	Alemannia	147,000	12,400,000,000	84,354	-	Győr	ALE
1297	Rośe	E.S.U.	147,000	7,800,000,000	53,061	-	Saguenay	ESU
1298	Yuda	Nichirin	147,000	7,790,000,000	52,993	湯田	Yamaguchi	NCH
1299	Novokamen	Giathka	146,000	11,400,000,000	78,082	-	Mary	GIA
1300	Arverdun	Arverne	144,000	7,500,000,000	52,083	-	Clermont-Ferrand	ARV
1301	Ilerde	Arverne	144,000	5,400,000,000	37,500	-	Lleida	ARV
1302	Reykawick	Elvester	144,000	7,250,000,000	50,347	-	Reykjavík	ELV
1303	Vostrograd	Giathka	144,000	7,450,000,000	51,736	-	Angren	GIA
1304	Waldau	Kogelland	144,000	4,250,000,000	29,514	-	Valdivia	ALE
1305	Pingbang	Furan	143,000	4,500,000,000	31,469	坪邦	Pingliang	FUR
1306	Fredericksstadt	Alemannia	142,000	6,400,000,000	45,070	-	Frýdek-Místek	ALE
1307	Kaandiva	Arunya	142,000	1,450,000,000	10,211	කාන්දිව	Kandy	ARU
1308	Tlaxco	Auritania	142,000	2,450,000,000	17,254	-	Iguala	AUR
1309	Ligor	Cahaya	142,000	3,420,000,000	24,085	-	Nakhon Si Thammarat	CAH
1310	Noungu	Côte de Saumon	142,000	450,000,000	3,169	-	Fada Ngourma	ARV
1311	Trailsrise	E.S.U.	142,000	11,200,000,000	78,873	-	Champaign, IL	ESU
1312	Belograd	Giathka	142,000	3,450,000,000	24,296	-	Jalalabad	GIA
1313	Kota	Noradia	142,000	1,650,000,000	11,620	-	Giridih	ELV
1314	Grizchevna	Nozhnorstan	142,000	3,610,000,000	25,423	-	Turpan	NZH
1315	Topaz	Ponurvia	142,000	9,800,000,000	69,014	-	Visalia	PON
1316	Reno-lan	Recolotta	142,000	610,000,000	4,296	-	Xai-Xai	REC
1317	Lachaven	Reino	142,000	6,500,000,000	45,775	-	León, ES	REI
1318	Cairenza	Vicily	142,000	2,200,000,000	15,493	-	Kairouan	VIC
1319	Iwane	Nichirin	142,000	2,470,000,000	17,394	磐根	Panshi	NCH
1320	Kizawa	Nichirin	142,000	2,510,000,000	17,676	黄沢	Huadian	NCH
1321	Mizuchibuchi	Nichirin	142,000	2,390,000,000	16,831	蛟淵 	Jiaohe	NCH
1322	Nashizono	Nichirin	142,000	2,400,000,000	16,901	梨園	Longjing	NCH
1323	Mitsuyama	Nichirin	142,000	2,440,000,000	17,183	蜜山	Mishan	NCH
1324	Berenthal	Alemannia	141,000	41,500,000,000	294,326	-	Bern	ALE
1325	Grünstadt	Alemannia	141,000	10,800,000,000	76,596	-	Grünberg	ALE
1326	La Capilla	Costaserá	141,000	1,550,000,000	10,993	-	Taza	REI
1327	Emerald	E.S.U.	141,000	9,800,000,000	69,504	-	Springfield, IL	ESU
1328	Adrianopolis	East Astriya	141,000	5,400,000,000	38,298	Αδριανούπολις	Edirne	AST
1329	Tokuyama	Nichirin	139,000	10,840,000,000	77,986	徳山	Shunan	NCH
1330	Conway	E.S.U.	138,000	10,800,000,000	78,261	-	Evansville	ESU
1331	Krasnopol	Giathka	138,000	8,150,000,000	59,058	-	Olmaliq	GIA
1332	Niitsu	Nichirin	138,000	280,000,000	2,029	新津	Nakhodka	NCH
1333	Belkamen	Rudania	138,000	2,450,000,000	17,754	Белкамень	Rubtsovsk	RUD
1334	DuClare	E.S.U.	135,000	6,500,000,000	48,148	-	Niagara Falls	ESU
1335	Paraliton	Hollosend	135,000	8,800,000,000	65,185	-	Hattiesburg	HOL
1336	Nakhljān	Varahmehr	135,000	4,200,000,000	31,111	نخلجان	Shahreza	VAR
1337	Sakyū	Nichirin	135,000	6,080,000,000	45,037	砂丘	Tottori	NCH
1338	Salzquell	Alemannia	134,000	11,800,000,000	88,060	-	Salzburg	ALE
1339	Edlawada	Arunya	134,000	1,850,000,000	13,806	ఎడ్లవాడ	Adilabad	ARU
1340	Dongguan	Furan	134,000	4,100,000,000	30,597	东关	Nanping	FUR
1341	Morozinsk	Giathka	134,000	5,450,000,000	40,672	-	Qurghonteppa	GIA
1342	Ognechist	Rudania	134,000	3,150,000,000	23,507	Огнечист	Neftekamsk	RUD
1343	Lemoyes	Arverne	133,000	5,200,000,000	39,098	-	Limoges	ARV
1344	Wallace	Hollosend	133,000	8,400,000,000	63,158	-	Wichita Falls	HOL
1345	Kereman	Selmira	133,000	5,400,000,000	40,602	-	Karaman	SEL
1346	Ulsterhausen	Alemannia	131,000	16,000,000,000	122,137	-	Ulm	ALE
1347	Twin Rocks	Hollosend	131,000	8,600,000,000	65,649	-	Las Cruces	HOL
1348	Aguadulces	Costaserá	129,000	2,850,000,000	22,093	-	Nador	REI
1349	Shizumisaki	Kinshū	129,000	6,850,000,000	53,101	静岬	Dunedin	NCH
1350	Arakawa	Nichirin	129,000	13,500,000,000	104,651	荒川	Nehe	NCH
1351	Kiriya-Muguli	Arunya	128,000	1,450,000,000	11,328	ಕಿರಿಯ-ಮುಗುಳಿ	Chikkamagaluru	ARU
1352	Tencepantic	Auritania	128,000	2,850,000,000	22,266	-	Comitán	AUR
1353	Cumberland Falls	Hollosend	128,000	8,600,000,000	67,188	-	Lawton	HOL
1354	Shevestria	Hollosend	128,000	8,500,000,000	66,406	-	Tuscaloosa	HOL
1355	Misono	Ryūgu	128,000	1,150,000,000	8,984	御園	Shendi	NCH
1356	Bruna	Alemannia	127,000	18,000,000,000	141,732	-	Heilbronn	ALE
1357	Sandspitze	Kogelland	126,000	5,450,000,000	43,254	-	Punta Arenas	ALE
1358	Sakabayashi	Nichirin	126,000	4,660,000,000	36,984	酒林	Andong	NCH
1359	Riveren City	E.S.U.	125,000	5,400,000,000	43,200	-	Utica	ESU
1360	Kokshitav	Rudania	125,000	2,850,000,000	22,800	Кокшитав	Kokshetau	RUD
1361	Eilat	Shivon	125,000	10,200,000,000	81,600	אֵילַת	Aqaba-Elat	SHI
1362	Waperaine	E.S.U.	124,000	8,200,000,000	66,129	-	Duluth	ESU
1363	Rudnogorsk	Rudania	124,000	2,450,000,000	19,758	Рудногорск	Rudnyy	RUD
1364	Santa Gabriella	Vicily	124,000	2,100,000,000	16,935	-	Gabès	VIC
1365	Rāhgozar	Varahmehr	123,000	8,000,000,000	65,041	رهگذر	Sur	VAR
1366	Trodes	E.S.U.	122,000	8,600,000,000	70,492	-	Bloomington	ESU
1367	Gumri	East Kaukasos	122,000	1,950,000,000	15,984	-	Gyumri	ARV
1368	Singhnagar	Noradia	122,000	1,450,000,000	11,885	-	Dhamtari	ELV
1369	Bastsova	Rudania	122,000	2,650,000,000	21,721	Басцова	Ekibastuz	RUD
1370	Bayusin	Seignid	122,000	5,200,000,000	42,623	-	Gaozhou	SGD
1371	Bakassa	Vicilian North Aphirica	122,000	185,000,000	1,516	-	Berbérati	VIC
1372	Nuova Fiorentina	Vicily	122,000	2,600,000,000	21,311	-	Vlorë	VIC
1373	Farride	West Bangala	122,000	1,250,000,000	10,246	-	Faridpur	ARV
1374	Vicestra	Hollosend	121,000	8,200,000,000	67,769	-	Greenville, NC	HOL
1375	Uzuiwa	Nichirin	121,000	5,930,000,000	49,008	渦岩	Ishinomaki	NCH
1376	Pélyes	Genosa	120,000	7,800,000,000	65,000	-	Pécs	GEN
1377	Österhamn	Skjarnland	120,000	10,400,000,000	86,667	-	Fredrikstad	SKJ
1378	Ricewall	Elvester	119,000	6,200,000,000	52,101	-	Exeter	ELV
1379	Syväsjärvi	Karjania	119,000	7,200,000,000	60,504	-	Jyväskylä	KAR
1380	Novotessa	Giathka	118,000	6,850,000,000	58,051	-	Daşoguz	GIA
1381	Suifeng	Guandong	118,000	4,200,000,000	35,593	隧峰	Huangzhou	GUA
1382	Speskan	Rudania	118,000	18,500,000,000	156,780	Спескан	Novy Urengoy	RUD
1383	Sibaleuz	Rudania	118,000	2,850,000,000	24,153	Сибалеуз	Pervouralsk	RUD
1384	Ōyashiro	Nichirin	118,000	6,020,000,000	51,017	大社	Izumo	NCH
1385	Carnelune	Arverne	117,000	6,400,000,000	54,701	-	Orléans	ARV
1386	Mettis	Arverne	117,000	6,200,000,000	52,991	-	Metz	ARV
1387	Doborá	Auritania	116,000	2,440,000,000	21,034	-	Girardot	AUR
1388	Blackwater	Hollosend	116,000	8,200,000,000	70,690	-	Abilene	HOL
1389	Pleasance	Hollosend	116,000	7,400,000,000	63,793	-	Monroe, LA	HOL
1390	Creston	Hollosend	116,000	520,000,000	4,483	-	Labé	HOL
1391	Amassajärvi	Kullanmaan	116,000	1,940,000,000	16,724	-	Cametá	KAR
1392	Saulensk	Livonia	116,000	5,500,000,000	47,414	-	Šiauliai	LIV
1393	Karlsheim	Ponurvia	116,000	10,800,000,000	93,103	-	Carlsbad	PON
1394	Kalaria	Ponurvia	116,000	8,200,000,000	70,690	-	St. George, UT	PON
1395	Neu-Catamburg	Ponurvia	116,000	7,400,000,000	63,793	-	Chico, CA	PON
1396	Dayan	Seignid	116,000	6,200,000,000	53,448	-	Guiping	SGD
1397	Harmon	Shivon	116,000	4,800,000,000	41,379	הַרְמוֹן	Nazareth	SHI
1398	Hälsingberg	Skjarnland	116,000	8,400,000,000	72,414	-	Helsingborg	SKJ
1399	Subrotira	Vicily	116,000	3,800,000,000	32,759	-	Subotica	VIC
1400	Gangi	Nichirin	116,000	6,150,000,000	53,017	雁木	Joetsu	NCH
1401	Viseramünde	Alemannia	115,000	9,200,000,000	80,000	-	Bremerhaven	ALE
1402	Gimhathitha	Arunya	114,000	1,850,000,000	16,228	ගිම්හාතිත්ත	Galle	ARU
1403	Santa María	Auritania	114,000	2,420,000,000	21,228	-	Sogamoso	AUR
1404	Áureo	Auritania	114,000	1,940,000,000	17,018	-	Tumaco	AUR
1405	Lampam	Cahaya	114,000	1,950,000,000	17,105	-	Ketapang	CAH
1406	Tesserad	Giathka	114,000	3,150,000,000	27,632	-	Sheberghan	GIA
1407	Pradera	Hollosend	114,000	1,550,000,000	13,596	-	Sancti Spíritus	HOL
1408	Ricomonte	Hollosend	114,000	540,000,000	4,737	-	Tambacounda	HOL
1409	Lugan	Hollosend	114,000	510,000,000	4,474	-	Louga	HOL
1410	Bayetovo	Perovska	114,000	4,250,000,000	37,281	-	Jalal-Abad	PER
1411	Brompadil	Recolotta	114,000	410,000,000	3,596	-	Zomba	REC
1412	Nadezgorod	Rudania	114,000	6,800,000,000	59,649	Надезгород	Ukhta	RUD
1413	Carbopolis	Salishia	114,000	7,450,000,000	65,351	-	Yakima	SAL
1414	Utopia	Salishia	114,000	7,280,000,000	63,860	-	Kamloops	SAL
1415	Parabilaran	Seignid	114,000	2,400,000,000	21,053	-	Meilu	SGD
1416	Helbron	Shivon	114,000	820,000,000	7,193	חֶבְרוֹן	Al Suwayda	SHI
1417	Sverd	Skjarnland	114,000	8,800,000,000	77,193	-	Aarborg	SKJ
1418	Golestan	Varahmehr	114,000	2,600,000,000	22,807	گلستان	Iranshahr	VAR
1419	Geriano	Vicily	114,000	3,200,000,000	28,070	-	Gharyan	VIC
1420	Hinata	Nichirin	114,000	2,190,000,000	19,211	日向	Shuangyang	NCH
1421	Takaraguchi	Nichirin	114,000	1,980,000,000	17,368	宝口	Baoshan	NCH
1422	Funadomari	Nichirin	114,000	1,890,000,000	16,579	船泊	Fujin	NCH
1423	Chikepnay	Nichirin	114,000	6,270,000,000	55,000	千景内	Muroran	NCH
1424	Kernbeldu	Axerfreditenshin	113,000	2,600,000,000	23,009	-	Kyzyl	AXE
1425	Szegvár	Genosa	113,000	7,400,000,000	65,487	-	Szeged	GEN
1426	Tatari	Vicily	113,000	5,400,000,000	47,788	-	Sassari	VIC
1427	Lagras	Côte de Saumon	112,000	320,000,000	2,857	-	Tenkodogo	ARV
1428	Daycott	E.S.U.	112,000	8,400,000,000	75,000	-	Davenport	ESU
1429	Guiyuan	Furan	112,000	4,200,000,000	37,500	桂源	Xianning	FUR
1430	Veshkingrad	Giathka	112,000	8,120,000,000	72,500	-	Balkanabat	GIA
1431	Petrovskaya	Giathka	112,000	2,250,000,000	20,089	-	Gardez	GIA
1432	Doverhill	Hollosend	112,000	7,800,000,000	69,643	-	Lawrence, KS	HOL
1433	Isla Sola	Reino	112,000	14,800,000,000	132,143	-	Funchal	REI
1434	Korybuschevsky	Rudania	112,000	2,650,000,000	23,661	Корыбущевский	Murom	RUD
1435	Eirosen	Seignid	112,000	3,800,000,000	33,929	-	Sanbu	SGD
1436	Vätterna	Skjarnland	112,000	8,200,000,000	73,214	-	Jönköping	SKJ
1437	Lenkurt	Reino	111,000	4,800,000,000	43,243	-	Ourense	REI
1438	Mehrāvar	Varahmehr	111,000	3,100,000,000	27,928	مهرآور	Fasa	VAR
1439	Ikezumi	Nichirin	109,000	4,250,000,000	38,991	池澄	Jecheon	NCH
1440	Northgate	E.S.U.	108,000	7,400,000,000	68,519	-	Charlottesville	ESU
1441	Amunia	Kemet	108,000	1,920,000,000	17,778	-	Mersa Matruh	KMT
1442	Neu-Prauvenberg	Kogelland	108,000	2,850,000,000	26,389	-	General Roca	ALE
1443	Vohenholz	Ponurvia	108,000	9,200,000,000	85,185	-	Palm Springs	PON
1444	Soboltsk	Rudania	108,000	4,850,000,000	44,907	Соболтск	Tobolsk	RUD
1445	Demirtas	East Astriya	107,000	4,200,000,000	39,252	Δεμιρτάς	Pleven	AST
1446	Lobotomir	Sidanya	107,000	2,100,000,000	19,626	-	Sloviansk	SID
1447	Drolov	Sidanya	106,000	2,400,000,000	22,642	-	Nikopol	SID
1448	Schevock	Sidanya	106,000	2,200,000,000	20,755	-	Mazyr	SID
1449	Nishikibashi	Nichirin	106,000	6,680,000,000	63,019	錦橋	Iwakuni	NCH
1450	Köseln	Alemannia	105,000	8,200,000,000	78,095	-	Koszalin	ALE
1451	Pilzbrück	Alemannia	105,000	7,200,000,000	68,571	-	Plzeň	ALE
1452	Troppen	Alemannia	105,000	4,200,000,000	40,000	-	Opava	ALE
1453	Asamori	Nichirin	105,000	1,750,000,000	16,667	朝森	Dongning	NCH
1454	Zongalik	Selmira	105,000	4,800,000,000	45,714	-	Zonguldak	SEL
1455	Drussina	Vicily	105,000	8,600,000,000	81,905	-	Bolzano	VIC
1456	Munggu	Cahaya	104,000	1,620,000,000	15,577	-	Payakambuh	CAH
1457	Thunder City	E.S.U.	104,000	5,800,000,000	55,769	-	Thunder Bay	ESU
1458	Postupim	Polabiny	104,000	2,400,000,000	23,077	-	Elista	POL
1459	Weinertitz	Ponurvia	104,000	8,400,000,000	80,769	-	Bend	PON
1460	Sundberg	Skjarnland	104,000	8,600,000,000	82,692	-	Skien	SKJ
1461	Cap-des-Flammes	South Pelagonia	104,000	3,850,000,000	37,019	-	Río Grande, AR	ARV
1462	Nupkes	Nichirin	104,000	4,890,000,000	47,019	奴計	Kitami	NCH
1463	Szatmár	Genosa	103,000	5,400,000,000	52,427	-	Satu Mare	GEN
1464	Stil̂a	Polabiny	103,000	2,800,000,000	27,184	-	Yeysk	POL
1465	Al-Sabkha	Barbary	102,000	1,850,000,000	18,137	-	Touggourt	ARV
1466	Mengechar	East Kaukasos	102,000	1,620,000,000	15,882	-	Mingechaur	ARV
1467	Neu-Rendorf	Ponurvia	102,000	6,500,000,000	63,725	-	Redding, CA	PON
1468	Dmitriyevsk	Rudania	102,000	2,450,000,000	24,020	Дмитриевск	Kamyshin	RUD
1469	Siyahkaya	Selmira	102,000	4,200,000,000	41,176	-	Afyonkarahisar	SEL
1470	Sadet	Skjarnland	102,000	7,200,000,000	70,588	-	Sundsvall	SKJ
1471	Vourcestre	South Pelagonia	102,000	2,450,000,000	24,020	-	Worcester, ZA	ARV
1472	Hohenbergen	Alemannia	101,000	10,500,000,000	103,960	-	Regensburg	ALE
1473	Luimnick	Elvester	101,000	6,500,000,000	64,356	-	Limerick	ELV
1474	Gurtheden	Skjarnland	101,000	7,400,000,000	73,267	-	Umeå	SKJ
1475	Mursa	Vicily	101,000	4,100,000,000	40,594	-	Osijek	VIC
1476	Lerekya	Slytlia	99,000	4,500,000,000	45,455	-	Râmnicu Vâlcea	SLY
1477	Nagoniara	Gonenite Islands	98,000	275,000,000	2,806	-	Honiara	ALE
1478	Olisipo	Hollosend	98,000	6,200,000,000	63,265	-	Gadsden, AL	HOL
1479	Züharin	Alemannia	97,000	7,200,000,000	74,227	-	Schwerin	ALE
1480	Darband	Varahmehr	97,000	2,400,000,000	24,742	دربند	Kazerun	VAR
1481	Malibor	Vicily	97,000	5,200,000,000	53,608	-	Maribor	VIC
1482	Mitajiri	Nichirin	97,000	6,600,000,000	68,041	三田尻	Hōfu	NCH
1483	Claremont	E.S.U.	96,000	6,200,000,000	64,583	-	Eau Claire	ESU
1484	Mercer	Hollosend	96,000	6,100,000,000	63,542	-	San Angelo	HOL
1485	Toksavaara	Karjania	96,000	5,200,000,000	54,167	-	Tartu	KAR
1486	Ojén	Reino	96,000	4,200,000,000	43,750	-	Toledo, ES	REI
1487	Lovatogorod	Rudania	96,000	2,450,000,000	25,521	Ловатогород	Velikiye Luki	RUD
1488	Kevberos	Selmira	96,000	4,100,000,000	42,708	-	Ereğli	SEL
1489	Capsa	Vicily	96,000	1,450,000,000	15,104	-	Gafsa	VIC
1490	Korake	Selmira	95,000	4,600,000,000	48,421	-	Alanya	SEL
1491	Çanakalesi	Selmira	95,000	4,500,000,000	47,368	-	Canakkale	SEL
1492	Karhatak	Arunya	94,000	2,150,000,000	22,872	करहाटक	Karad	ARU
1493	Gromovsk	Giathka	94,000	6,450,000,000	68,617	-	Krasnovodsk	GIA
1494	Ciudad Tranquila	Hollosend	94,000	510,000,000	5,426	-	Kolda	HOL
1495	Niemilinna	Kullanmaan	94,000	1,120,000,000	11,915	-	Breves	KAR
1496	Myer-Lee	Recolotta	94,000	320,000,000	3,404	-	Montequez	REC
1497	Losquet	Recolotta	94,000	310,000,000	3,298	-	Angoche	REC
1498	Votka	Rudania	94,000	1,920,000,000	20,426	Водка	Votkinsk	RUD
1499	Riverfront	Salishia	94,000	7,320,000,000	77,872	-	Bellingham	SAL
1500	Rüchenberg	Alemannia	93,000	6,100,000,000	65,591	-	Liberec	ALE
1501	Trobletevu	Slytlia	93,000	3,500,000,000	37,634	-	Drobeta-Turnu Severin	SLY
1502	Leuwen	Alemannia	92,000	7,850,000,000	85,326	-	Leeuwarden	ALE
1503	Slin	Alemannia	92,000	6,300,000,000	68,478	-	Zlín	ALE
1504	Mahapattana	Arunya	92,000	1,250,000,000	13,587	මහාපට්ටන	Matara	ARU
1505	Bochier	Barbary	92,000	980,000,000	10,652	-	Béchar	ARV
1506	Zheleznogorod	Giathka	92,000	4,250,000,000	46,196	-	Guliston	GIA
1507	Yootó	Hollosend	92,000	8,200,000,000	89,130	-	Santa Fe, NM	HOL
1508	Chicazos	Hollosend	92,000	1,250,000,000	13,587	-	Valle De La Pascua	HOL
1509	Teiburg	Hollosend	92,000	420,000,000	4,565	-	Tiébo	HOL
1510	Melden	Ponurvia	92,000	5,500,000,000	59,783	-	Merced, CA	PON
1511	Doranama	Recolotta	92,000	380,000,000	4,130	-	Inhamhane	REC
1512	Qers	Selmira	92,000	2,150,000,000	23,370	-	Kars	SEL
1513	Acra	Southeast Aphirica	92,000	245,000,000	2,663	-	Rumbek	SHI
1514	Tomon	Nichirin	92,000	1,580,000,000	17,174	図們	Tumen	NCH
1515	Tenzato	Nichirin	92,000	1,510,000,000	16,413	貂里 	Baoqing	NCH
1516	Kidachi	Nichirin	92,000	1,370,000,000	14,891	木立	Tieli	NCH
1517	Toyoda	Nichirin	92,000	1,320,000,000	14,348	豊田	Qingan	NCH
1518	Turonne	Arverne	89,000	4,100,000,000	46,067	-	Poitiers	ARV
1519	Pandavagram	Arunya	88,000	2,450,000,000	27,841	पांडवग्राम	Ratnagiri	ARU
1520	Ojo de Águila	Auritania	88,000	3,150,000,000	35,795	-	Salina Cruz	AUR
1521	Maython	E.S.U.	88,000	4,800,000,000	54,545	-	Peterborough, ON	ESU
1522	Shinoshima	Kinshū	88,000	4,150,000,000	47,159	新大島	Palmerston North	NCH
1523	Okotsk	Rudania	88,000	3,450,000,000	39,205	Окотск	Magadan	RUD
1524	Marston	Elvester	87,000	5,400,000,000	62,069	-	Galway	ELV
1525	Kastama	Selmira	87,000	3,400,000,000	39,080	-	Kastamonu	SEL
1526	Sombáthar	Alemannia	86,000	5,500,000,000	63,953	-	Szombathely	ALE
1527	Ufraberg	Divia	86,000	620,000,000	7,209	-	Al Qa’im	ALE
1528	Reighfyl	Hollosend	86,000	7,400,000,000	86,047	-	New Braunfels	HOL
1529	New Winscor	Hollosend	86,000	5,400,000,000	62,791	-	Albany, GA	HOL
1530	Vistara Puram	Noradia	86,000	880,000,000	10,233	-	Rayagada	ELV
1531	Salamat	Seignid	86,000	3,850,000,000	44,767	-	Hagåtña	SGD
1532	Kelesina	Selmira	86,000	3,200,000,000	37,209	-	Erzincan	SEL
1533	Lichtenau	Alemannia	85,000	18,500,000,000	217,647	-	Lucerne	ALE
1534	Paanje	Arunya	84,000	1,850,000,000	22,024	पांजे	Panaji	ARU
1535	Aziziye	Divia	84,000	480,000,000	5,714	-	Al-Aziziyah	ALE
1536	Calgaich	Elvester	84,000	3,200,000,000	38,095	-	Derry	ELV
1537	Bandaoguan	Furan	84,000	2,400,000,000	28,571	半岛关	Fuding	FUR
1538	Berumistad	Sidanya	83,000	1,850,000,000	22,289	-	Uman	SID
1539	Sillóng	Uj-Pannonia	83,000	640,000,000	7,711	-	Sribhumi	GEN
1540	Ūmqêsir	Divia	82,000	2,400,000,000	29,268	-	Umm Qasr	ALE
1541	Dunborg	E.S.U.	82,000	5,500,000,000	67,073	-	Wausau	ESU
1542	Lánkon	East Kaukasos	82,000	1,250,000,000	15,244	-	Lankaran	ARV
1543	Yongkang	Furan	82,000	2,400,000,000	29,268	庸抗	Zhangjiajie	FUR
1544	Bolao	Furan	82,000	2,200,000,000	26,829	波涝	Shaowu	FUR
1545	Ozerinsk	Giathka	82,000	6,120,000,000	74,634	-	Zarafshan	GIA
1546	Curden	Hollosend	82,000	5,500,000,000	67,073	-	Victoria, TX	HOL
1547	Tuscan	Hollosend	82,000	5,500,000,000	67,073	-	Tupelo, MS	HOL
1548	Pribalhashstroy	Rudania	82,000	1,650,000,000	20,122	Прибалхасстрой	Balkhash	RUD
1549	Uchoyé	South Pelagonia	82,000	3,450,000,000	42,073	-	Ushuaia	ARV
1550	Chirimen	Nichirin	82,000	5,040,000,000	61,463	縮緬	Nagahama	NCH
1551	Sawbone	Hollosend	81,000	5,200,000,000	64,198	-	Cape Girardeau	HOL
1552	Ansenes	Skjarnland	81,000	7,800,000,000	96,296	-	Tromsø	SKJ
1553	Agioanina	Vicily	81,000	3,100,000,000	38,272	-	Ioannina	VIC
1554	Enete	Selmira	80,000	3,100,000,000	38,750	-	Bafra	SEL
1555	Bitano	Vicily	80,000	1,750,000,000	21,875	-	Bitola	VIC
1556	Kinohe	Nichirin	79,000	4,190,000,000	53,038	柵戸	Oshu	NCH
1557	Bacchus	Hollosend	78,000	4,500,000,000	57,692	-	Muskogee	HOL
1558	Surtuja	Karjania	78,000	4,500,000,000	57,692	-	Joensuu	KAR
1559	Mitau	Livonia	78,000	3,200,000,000	41,026	-	Daugavpils	LIV
1560	Zeitstadt	Ponurvia	78,000	5,400,000,000	69,231	-	Flagstaff	PON
1561	Madre Bosque	Reino	78,000	3,200,000,000	41,026	-	Ciudad Real	REI
1562	Koneka	Rudania	78,000	1,450,000,000	18,590	Конека	Balashov	RUD
1563	Baie-des-Moules	South Pelagonia	78,000	2,100,000,000	26,923	-	Mossel Bay	ARV
1564	Sokushin 	Nichirin	78,000	4,060,000,000	52,051	即身	Tsuruoka	NCH
1565	Orillas	Reino	77,000	2,800,000,000	36,364	-	Faro	REI
1566	Millesani	E.S.U.	76,000	4,200,000,000	55,263	-	Sault Ste. Marie	ESU
1567	Kladn	Alemannia	75,000	5,400,000,000	72,000	-	Kladno	ALE
1568	Dùn Phris	Elvester	75,000	3,100,000,000	41,333	-	Carlisle	ELV
1569	Ziyāratgah	Varahmehr	75,000	1,850,000,000	24,667	زیارتگاه	Ramhormoz	VAR
1570	Iztatlac	Auritania	74,000	820,000,000	11,081	-	Las Choapas	AUR
1643	Bareba	Côte de Saumon	74,000	280,000,000	3,784	-	Kandi	ARV
1644	Okrug	Karjania	74,000	2,600,000,000	35,135	-	Kotlas	KAR
1645	Isohara	Mizuho	74,000	3,450,000,000	46,622	磯原	Limón	NCH
1646	Moynaq	Perovska	74,000	2,650,000,000	35,811	-	Karakol	PER
1647	Walberg	Ponurvia	74,000	6,100,000,000	82,432	-	Santa Cruz, CA	PON
1648	Kijiya	Nichirin	73,000	3,720,000,000	50,959	木地屋	Osaki	NCH
1649	Los Ranchos	Auritania	72,000	1,450,000,000	20,139	-	Rioverde	AUR
1650	Pravdinsk	Giathka	72,000	4,150,000,000	57,639	-	Kizyl-Arvat	GIA
1651	Himinato	Kinshū	72,000	3,850,000,000	53,472	陽港	Napier	NCH
1652	Macandé	South Pelagonia	72,000	1,250,000,000	17,361	-	Makhanda	ARV
1653	Canebreak	Hollosend	71,000	4,200,000,000	59,155	-	Pine Bluff	HOL
1654	Elyredon	Ponurvia	71,000	4,500,000,000	63,380	-	Grand Junction	PON
1655	Medinina	Vicily	71,000	1,050,000,000	14,789	-	Médenine	VIC
1656	Mimasaka	Nichirin	71,000	3,660,000,000	51,549	美作	Tsuyama	NCH
1657	Goryūno	Nichirin	70,000	680,000,000	9,714	五龍野	Birobidzhan	NCH
1658	Wülst	Alemannia	69,000	5,200,000,000	75,362	-	Wels	ALE
1659	Libaca	Livonia	69,000	3,100,000,000	44,928	-	Liepaja	LIV
1660	Puerto Delgado	Reino	69,000	9,250,000,000	134,058	-	Ponta Delgada	REI
1661	Federico	Anticostia	68,000	5,450,000,000	80,147	-	Fredericton	REI
1662	Lachaven	Auritania	68,000	1,450,000,000	21,324	-	Valladolid, MX	AUR
1663	Derkan	Axerfreditenshin	68,000	2,100,000,000	30,882	-	Darkhan	AXE
1664	Lannahechee	E.S.U.	68,000	4,200,000,000	61,765	-	La Crosse	ESU
1665	Baile-tuath	Elvester	68,000	2,800,000,000	41,176	-	Inverness	ELV
1666	Vostamo	Karjania	68,000	4,200,000,000	61,765	-	Vaasa	KAR
1667	Tingvalla	Skjarnland	68,000	4,800,000,000	70,588	-	Karlstad	SKJ
1668	Petarovo	Polabiny	67,000	1,320,000,000	19,701	-	Derbent	POL
1669	Ingelsten	Alemannia	66,000	14,800,000,000	224,242	-	Ingolstadt	ALE
1670	Herzogsgrätz	Alemannia	65,000	5,800,000,000	89,231	-	Hradec Králové	ALE
1671	Weidenstadt	Kogelland	65,000	1,450,000,000	22,308	-	Viedma	ALE
1672	Zamorsk	Rudania	65,000	1,150,000,000	17,692	Заморск	Gorno-Altaysk	RUD
1673	Stjärnvik	Skjarnland	65,000	6,100,000,000	93,846	-	Kristiansand	SKJ
1674	Lushan	Guandong	64,000	2,100,000,000	32,813	禄山	Macheng	GUA
1675	Ifira	Napolyon Bonparterre Islands	64,000	365,000,000	5,703	-	Port Vila	ARV
1676	Kaplan	Perovska	64,000	2,450,000,000	38,281	-	Tokmak	PER
1677	Nadelberg	Ponurvia	64,000	1,850,000,000	28,906	-	Puerto Peñasco	PON
1678	Zasratov	Rudania	64,000	1,150,000,000	17,969	Засратов	Ishim	RUD
1679	Rautaniemi	Karjania	63,000	3,800,000,000	60,317	-	Rovaniemi	KAR
1680	Nawi	Cahaya	62,000	1,380,000,000	22,258	-	Chumpgon	CAH
1681	Moose Pen	E.S.U.	62,000	3,100,000,000	50,000	-	Bangor	ESU
1682	Fort Liberty	Hollosend	62,000	4,600,000,000	74,194	-	Manhattan, KS	HOL
1683	Armadillo	Hollosend	62,000	3,100,000,000	50,000	-	Roswell	HOL
1684	Port Chinook	Salishia	62,000	4,960,000,000	80,000	-	Olympia	SAL
1685	Boston	Salishia	62,000	4,120,000,000	66,452	-	Longview, OR	SAL
1686	Menteşe	Selmira	62,000	3,200,000,000	51,613	-	Mugla	SEL
1687	Xia'an	Furan	61,000	1,850,000,000	30,328	夏安	Linxia	FUR
1688	Großschloss	Ponurvia	61,000	4,200,000,000	68,852	-	Casa Grande	PON
1689	Arcturus	Skjarnland	61,000	5,500,000,000	90,164	-	Luleå	SKJ
1690	Klagenhafen	Alemannia	60,000	4,600,000,000	76,667	-	Klagenfurt	ALE
1691	Golarrud	Varahmehr	60,000	2,200,000,000	36,667	گلاررود	Abadeh	VAR
1692	Marnelui	Dämmerung Islands	59,000	5,450,000,000	92,373	-	Kahului	ALE
1693	Tolvajärvi	Karjania	59,000	2,200,000,000	37,288	-	Tikhvin	KAR
1694	Thermas	Kemet	59,000	980,000,000	16,610	-	El Hamam	KMT
1695	Hügelfels	Neuhollmar	59,000	3,150,000,000	53,390	-	Whangārei	ALE
1696	Kharigrav	Giathka	58,000	1,920,000,000	33,103	-	Isfara	GIA
1697	Narovsky	Karjania	58,000	2,400,000,000	41,379	-	Narva	KAR
1698	Karsbrück	Ponurvia	58,000	4,600,000,000	79,310	-	Carson City	PON
1699	Yadrosk	Rudania	58,000	2,250,000,000	38,793	Ядроск	Vorkuta	RUD
1700	Oske	Rudania	58,000	1,250,000,000	21,552	Оске	Pavlovo	RUD
1701	Kalynyn	Rudania	58,000	1,150,000,000	19,828	Калынын	Rzhev	RUD
1702	Alberti Sacra	Vicily	58,000	2,400,000,000	41,379	-	Frosinone	VIC
1703	Arza	Costaserá	57,000	1,150,000,000	20,175	-	Ouarzazate	REI
1704	Villenshafen	Alemannia	56,000	4,400,000,000	78,571	-	Villach	ALE
1705	Dedeagach	East Astriya	56,000	1,850,000,000	33,036	Δεδέαγατς	Alexandroupoli	AST
1706	Cotorra	Hollosend	56,000	3,800,000,000	67,857	-	Stillwater, OK	HOL
1707	Akhsau	Perovska	56,000	1,920,000,000	34,286	-	Aral	PER
1708	Fort Sigismund	Ponurvia	56,000	3,400,000,000	60,714	-	Lake Havasu City	PON
1709	Borgund	Skjarnland	56,000	6,400,000,000	114,286	-	Ålesund	SKJ
1710	Assen	Alemannia	55,000	4,100,000,000	74,545	-	Ústí nad Labem	ALE
1711	Omilpan	Auritania	54,000	410,000,000	7,593	-	Tlapa de Comonfort	AUR
1712	Perangat	Cahaya	54,000	1,380,000,000	25,556	-	Tanjung Redeb	CAH
1713	Aguisori	Hollosend	54,000	740,000,000	13,704	-	San Fernando De Apure	HOL
1714	Erlyors	Reino	54,000	1,850,000,000	34,259	-	Évora	REI
1715	Trioyka	Rudania	54,000	3,450,000,000	63,889	Тройка	Nyagan	RUD
1716	Nerungrad	Rudania	54,000	2,150,000,000	39,815	Нерунград	Neryungri	RUD
1717	Valcœur	Tonkin	54,000	450,000,000	8,333	-	Điện Biên Phủ	ARV
1718	Inglauen	Alemannia	53,000	3,800,000,000	71,698	-	Jihlava	ALE
1719	Manito	Hollosend	53,000	3,400,000,000	64,151	-	Jefferson City	HOL
1720	Hiura	Kinshū	53,000	2,450,000,000	46,226	陽浦	Port Macquarie	NCH
1721	Mirantibus	Ponurvia	53,000	4,100,000,000	77,358	-	Farmington, NM	PON
1722	Östra	Skjarnland	53,000	3,400,000,000	64,151	-	Östersund	SKJ
1723	Sankt Bernhardt	Alemannia	52,000	4,200,000,000	80,769	-	Sankt Pölten	ALE
1724	Tlalticpac	Auritania	52,000	1,150,000,000	22,115	-	Cintalapa de Figueroa	AUR
1725	Foster	E.S.U.	52,000	2,600,000,000	50,000	-	North Bay, ON	ESU
1726	Perlemeer	Ponurvia	52,000	3,100,000,000	59,615	-	Sierra Vista	PON
1727	Kazarsary	Rudania	52,000	1,150,000,000	22,115	Казарсары	Kulsary	RUD
1728	Zwilingstürme	Ponurvia	51,000	3,200,000,000	62,745	-	Twin Falls	PON
1729	Setoi	Cahaya	48,000	1,220,000,000	25,417	-	Baru	CAH
1730	Ranpua	Dämmerung Islands	48,000	4,200,000,000	87,500	-	Hilo	ALE
1731	Hidacun	E.S.U.	48,000	3,100,000,000	64,583	-	Traverse City	ESU
1732	Vararakn	East Kaukasos	48,000	420,000,000	8,750	-	Stepanakert / Khankendi	ARV
1733	Vanino	Perovska	48,000	1,150,000,000	23,958	-	Kyzyl-Kiya	PER
1734	Perskam	Ponurvia	48,000	2,800,000,000	58,333	-	Prescott	PON
1735	Wakamiya	Mizuho	46,000	1,950,000,000	42,391	若宮	Liberia, CR	NCH
1736	Zula	Southeast Aphirica	46,000	110,000,000	2,391	-	Yambio	SHI
1737	Berun	E.S.U.	45,000	2,800,000,000	62,222	-	Burlington, VT	ESU
1738	Fort Jones	E.S.U.	44,000	2,100,000,000	47,727	-	Val d'Or	ESU
1739	Owanjila	Hollosend	44,000	2,400,000,000	54,545	-	Clovis	HOL
1740	Kirfjord	Skjarnland	44,000	4,200,000,000	95,455	-	Bodø	SKJ
1741	Gortari	Arunya	42,000	4,150,000,000	98,810	கொர்தாரி	Geraldton	ARU
1742	San Mateo	Auritania	42,000	1,150,000,000	27,381	-	San Fernando, MX	AUR
1743	Naqissuserpaa	E.S.U.	42,000	2,200,000,000	52,381	-	Timmins	ESU
1744	Farsan	East Kaukasos	42,000	680,000,000	16,190	-	Parsabad	ARV
1745	Yangkou	Furan	42,000	1,650,000,000	39,286	阳口	Ishigaki	FUR
1746	Friburg	Hollosend	42,000	2,200,000,000	52,381	-	Huntsville, TX	HOL
1747	Buktoon	Hollosend	42,000	160,000,000	3,810	-	Timbuktu	HOL
1748	Varaj'mia	Nozhnorstan	42,000	1,610,000,000	38,333	-	Karamay	NZH
1749	Zaton	Perovska	42,000	920,000,000	21,905	-	Naryn	PER
1750	Daliborov	Polabiny	42,000	1,150,000,000	27,381	-	Akhtubinsk	POL
1751	Nussbaum	Ponurvia	42,000	1,320,000,000	31,429	-	Nogales	PON
1752	Bitsik-Tura	Rudania	42,000	820,000,000	19,524	Бицик-Тура	Kuybyshev	RUD
1753	North Bay	Salishia	42,000	2,770,000,000	65,952	-	Campbell River	SAL
1754	Trossö	Skjarnland	42,000	2,800,000,000	66,667	-	Kristianstad	SKJ
1755	Forte Carmpagna	Vicilian North Aphirica	42,000	65,000,000	1,548	-	Kaga-Bandoro	VIC
1756	Yongyuan	Guandong	41,000	1,250,000,000	30,488	永愿	Yanggu	GUA
1757	Nozan	Hollosend	41,000	2,100,000,000	51,220	-	Greenville, MS	HOL
1758	Perona	Karjania	41,000	1,850,000,000	45,122	-	Pärnu	KAR
1759	Leclerc	Arverne	40,000	12,500,000,000	312,500	-	Monaco	ARV
1760	Calumet	Hollosend	40,000	2,800,000,000	70,000	-	Bartlesville	HOL
1761	Ambewada	Arunya	38,000	3,850,000,000	101,316	அம்பேவாடா	Albany, AU	ARU
1762	Zhenlang	Furan	38,000	1,320,000,000	34,737	镇浪	Miyakojima	FUR
1763	Renaix-sur-Veldt	South Pelagonia	38,000	540,000,000	14,211	-	Graaff-Reinet	ARV
1764	Kaseki	Perovska	36,000	1,050,000,000	29,167	-	Talas	PER
1765	Alioual	South Pelagonia	36,000	410,000,000	11,389	-	Aliwal North	ARV
1766	Juana	Hollosend	34,000	450,000,000	13,235	-	Florida, CU	HOL
1767	Enkelberg	Ponurvia	34,000	1,450,000,000	42,647	-	Kingman	PON
1768	Branitzburg	Sankt Gerold Island	34,000	420,000,000	12,353	-	Kaimana	ALE
1769	Nouveau-Breast	South Pelagonia	34,000	420,000,000	12,353	-	Beaufort West	ARV
1770	Berza	Vicily	34,000	820,000,000	24,118	-	Vraca	VIC
1771	New Blackwater	Hollosend	32,000	1,850,000,000	57,813	-	Dodge City	HOL
1772	Limpany	Hollosend	32,000	712,000,000	22,250	-	Texarkana	HOL
1773	Stovsk	Morozia	32,000	7,450,000,000	232,813	-	Fairbanks	MOR
1774	Toyama	Nichirin	32,000	1,320,000,000	41,250	富山	Dalnegorsk	NCH
1775	Mersky	Rudania	32,000	410,000,000	12,813	Мерский	Kudymkar	RUD
1776	New Valentine	Salishia	32,000	2,240,000,000	70,000	-	Redmond, OR	SAL
1777	Ciudad Primada	Hollosend	31,000	410,000,000	13,226	-	Baracoa	HOL
1778	Miro	Morozia	31,000	5,150,000,000	166,129	-	Juneau	MOR
1779	Volkovgrad	Morozia	31,000	3,250,000,000	104,839	-	Whitehorse	MOR
1780	Sineşehir	Selmira	31,000	1,150,000,000	37,097	-	Sinop	SEL
1781	Isdalen	Skjarnland	31,000	2,800,000,000	90,323	-	Lillehammer	SKJ
1782	Kumausu	Nichirin	31,000	1,390,000,000	44,839	熊臼	Wakkanai	NCH
1783	Dachinqaz	Axerfreditenshin	29,000	740,000,000	25,517	-	Khovd	AXE
1784	Lindenford	Hollosend	28,000	680,000,000	24,286	-	El Callao, VE	HOL
1785	Kaisershafen	Kienam	28,000	365,000,000	13,036	-	Kimbe	ALE
1786	Kräkenhafen	Ponurvia	28,000	1,150,000,000	41,071	-	Eureka	PON
1787	Saikarsk	Rudania	28,000	420,000,000	15,000	Сайкарск	Chelkar	RUD
1788	Askalawa	Seignid	28,000	950,000,000	33,929	-	Wancheng	SGD
1789	Hadrei-Sheol	Shivon	28,000	6,850,000,000	244,643	חדרי-שאול	Duba	SHI
1790	Vestfold	Skjarnland	28,000	3,200,000,000	114,286	-	Molde	SKJ
1791	Ajastino	Vicily	26,000	1,450,000,000	55,769	-	Ajaccio	VIC
1792	Wolmar	Livonia	25,000	1,150,000,000	46,000	-	Valmiera	LIV
1793	Keimori	Nichirin	25,000	1,150,000,000	46,000	恵森	Dalnerechensk	NCH
1794	Alung	Axerfreditenshin	24,000	2,200,000,000	91,667	-	Erenhot	AXE
1795	Nouvelle-Havre	Barbary	24,000	620,000,000	25,833	-	Adrar	ARV
1796	Shanli	Furan	24,000	520,000,000	21,667	山离	Guli	FUR
1797	Redville	Hollosend	24,000	1,450,000,000	60,417	-	Elizabeth City, NC	HOL
1798	Ilimamik	E.S.U.	22,000	1,320,000,000	60,000	-	Marquette	ESU
1799	Lijiakou	Furan	22,000	580,000,000	26,364	李家口	Ruijin	FUR
1800	New Colter	Hollosend	22,000	1,320,000,000	60,000	-	Liberal, KS	HOL
1801	Scheinfurt	Ponurvia	22,000	1,750,000,000	79,545	-	Durango, CO	PON
1802	Olympia	Salishia	22,000	1,480,000,000	67,273	-	Port Angeles	SAL
1803	Seleucia	Selmira	22,000	820,000,000	37,273	-	Silifke	SEL
1804	Gongguang	Furan	21,000	640,000,000	30,476	龚广	Puqi	FUR
1805	Huangdun	Furan	21,000	620,000,000	29,524	黄墩	Fenyi	FUR
1806	Nugolefa	New Celyddon	21,000	185,000,000	8,810	-	Nuku'alofa	ELV
1807	Neu-Arburg	Ponurvia	21,000	1,350,000,000	64,286	-	Elko	PON
1808	Maraş	Selmira	21,000	740,000,000	35,238	-	Afsin	SEL
1809	Rodos	Selmira	19,000	680,000,000	35,789	-	Chios	SEL
1810	Kingsmouth	Elvester	18,000	820,000,000	45,556	-	Akureyri	ELV
1811	Moana	Salishia	18,000	1,120,000,000	62,222	-	Aberdeen, OR	SAL
1812	Dörnen	Alemannia	15,000	1,450,000,000	96,667	-	Dornbirn	ALE
1813	Kagyrgyn	Rudania	14,000	820,000,000	58,571	Кагыргын	Anadyr	RUD
1814	Fort Abigail	Salishia	14,000	860,000,000	61,429	-	Ontario, OR	SAL
1815	Liguma	Vicilian North Aphirica	14,000	18,000,000	1,286	-	Birao	VIC
1816	Ciudad de Manteca	Anticostia	12,000	745,000,000	62,083	-	Bathurst, NB	REI
1817	Xiangri	Furan	12,000	280,000,000	23,333	向日	Xuri	FUR
1818	Yueyang	Furan	12,000	260,000,000	21,667	跃阳	Lanyue	FUR
1819	Takatsu	Nichirin	12,000	680,000,000	56,667	高津	Slavyanka	NCH
1820	Cartishire	Thule	12,000	640,000,000	53,333	-	Sept-Îles	ELV
1821	Novomurmursk	Axerfreditenshin	11,000	420,000,000	38,182	-	Mörön	AXE
1822	Shompolahti	Frederikka Islands	11,000	115,000,000	10,455	-	Campbell Bay	KAR
1823	Huangsha	Guandong	11,000	520,000,000	47,273	黄沙	Duolun	GUA
1824	Avaris	Kemet	11,000	85,000,000	7,727	-	New Dongola	KMT
1825	Klastorgrod	Uj-Pannonia	11,000	215,000,000	19,545	-	Tawang	GEN
1826	Zheprivoj	Nozhnorstan	10,000	244,260,000	24,426	-	N/A	NZH
1827	Aktau	Perovska	10,000	189,160,000	18,916		N/A	PER
1828	Örnström	Nordstjärneö	8,000	1,240,000,000	155,000	-	Ketchikan	SKJ
1829	Kamuyto	Nichirin	8,000	328,000,000	41,000	神威塘	Yuzhno-Kurilsk	NCH
1830	Kichwabai	Aztekische Islands	7,000	445,000,000	63,571	-	Puerto Baquerizo Moreno	PON
1831	Långdalshamn	Spetsbergen	3,000	245,000,000	81,667	-	Longyearbyen	SKJ
1832	Torvbukta	Vikomte Islands	2,000	245,000,000	122,500	-	Port Stanley	SKJ
1833	Maasvik	Adelsköldland	1,000	72,000,000	72,000	-	Masset	SKJ
1834	Robbenboden	Verwustung Islands	1,000	110,000,000	110,000	-	Port-aux-Français	PON
1835	Jiekŋaluokta	Cuohpnjalla	400	18,000,000	45,000	-	Barentsburg	KAR