KIND	NAME	NATION	TYPE	X	Y	LATITUDE	LONGITUDE	POSITION
city	Āb-e Shirin	Varahmehr		4034	3561	-23.9250	19.3280	23.93°S 19.33°E
city	Abazan	Rudania		3145	1321	23.0100	73.5155	23.01°N 73.52°E
city	Acatlazohuacan	Auritania		1298	3990	10.6800	-91.6339	10.68°N 91.63°W
city	Achikulak	Perovska		3755	1591	9.8100	72.8620	9.81°N 72.86°E
city	Acra	Southeast Aphirica		3263	4130	-20.8950	-33.8745	20.89°S 33.87°W
city	Adrianopolis	East Astriya		3316	3183	-7.4850	4.3519	7.48°S 4.35°E
city	Agila-Talois	Seignid		3925	584	22.3650	133.3733	22.36°N 133.37°E
city	Agioanina	Vicily		3165	3230	-5.9250	-2.0874	5.92°S 2.09°W
city	Aguadulces	Costaserá		2571	3040	5.8350	-15.0454	5.83°N 15.05°W
city	Aguastermales	Auritania		1141	3743	16.7400	-95.8968	16.74°N 95.90°W
city	Aguisori	Hollosend		1636	3758	9.0900	-70.8120	9.09°N 70.81°W
city	Āhanshahr	Varahmehr		4152	3761	-28.6950	17.2205	28.69°S 17.22°E
city	Aintab	Selmira		3692	3252	-14.1600	15.6646	14.16°S 15.66°E
city	Ajastino	Vicily		2953	3005	0.6300	-1.5710	0.63°N 1.57°W
city	Akaishi	Nichirin		2869	807	34.8600	100.9684	34.86°N 100.97°E
city	Akala	Seignid		3990	625	20.7750	131.2459	20.77°N 131.25°E
city	Akamine	Nichirin		2960	747	34.3950	107.4562	34.39°N 107.46°E
city	Akenau	Alemannia		2956	2683	5.4150	8.7143	5.41°N 8.71°E
city	Akhsau	Perovska		3633	1473	13.4100	76.1457	13.41°N 76.15°E
city	Akino	Nichirin		2322	769	43.6350	90.4368	43.64°N 90.44°E
city	Akolpur	Arunya		3805	4700	-37.5750	-46.0944	37.58°S 46.09°W
city	Aktau	Perovska		3841	1513	9.6900	78.2667	9.69°N 78.27°E
city	Aktyubinsk	Rudania		3358	1921	10.8150	48.9979	10.81°N 49.00°E
city	Al-Gilfah	Barbary		2761	3099	2.1000	-10.3823	2.10°N 10.38°W
city	Al-Sabkha	Barbary		2810	3137	0.7950	-9.8974	0.79°N 9.90°W
city	Al-Suways	Kemet		3601	3451	-15.7800	5.4568	15.78°S 5.46°E
city	Alash-Qala	Rudania		3317	1513	17.5500	67.2298	17.55°N 67.23°E
city	Albemarle Point	Hollosend		1961	3480	8.3850	-50.2518	8.38°N 50.25°W
city	Alberti Sacra	Vicily		3024	3055	-1.1850	-0.9424	1.18°S 0.94°W
city	Albrechtshaven	Albatrossinseln		3695	2952	-9.7050	24.9841	9.71°S 24.98°E
city	Aldea Oro	Reino		2736	2837	6.4050	-3.2622	6.40°N 3.26°W
city	Alebkin	Rudania		2984	1561	21.8250	56.3564	21.82°N 56.36°E
city	Alei	Seignid		3962	550	22.3200	136.1170	22.32°N 136.12°E
city	Aleksandriya	Rudania		3363	2143	7.4100	39.8838	7.41°N 39.88°E
city	Algernon	Barbary		2757	3035	3.1200	-8.6395	3.12°N 8.64°W
city	Alioual	South Pelagonia		2760	5217	-29.6550	-109.9329	29.65°S 109.93°W
city	Altakrai	Rudania		3212	1406	20.7300	70.3941	20.73°N 70.39°E
city	Alung	Axerfreditenshin		3148	845	30.1050	103.8167	30.11°N 103.82°E
city	Älvskrona	Skjarnland		2881	2446	10.0950	14.6987	10.09°N 14.70°E
city	Amassajärvi	Kullanmaan		2150	3988	-2.0700	-56.4381	2.07°S 56.44°W
city	Ambarino	Hollosend		1563	3236	18.0150	-62.7506	18.02°N 62.75°W
city	Amberdam	Alemannia		2900	2663	6.5550	7.6685	6.55°N 7.67°E
city	Ambewada	Arunya		3446	4908	-35.3100	-72.1777	35.31°S 72.18°W
city	Amunia	Kemet		3471	3372	-12.6450	3.4555	12.64°S 3.46°E
city	Amurkush	Costaserá		2406	3111	7.2450	-23.0016	7.24°N 23.00°W
city	Anaatasagaram	Arunya		3638	4771	-36.1350	-56.7920	36.13°S 56.79°W
city	Anandpaur	Noradia		3850	4953	-42.0450	-62.1020	42.04°S 62.10°W
city	Añazo	Reino		2358	3366	4.1400	-31.6981	4.14°N 31.70°W
city	Andevre	Arverne		2857	2814	4.9350	1.3648	4.93°N 1.36°E
city	Andō	Nichirin		2885	644	37.0650	114.3043	37.06°N 114.30°E
city	Andropov	Rudania		3039	2116	12.6750	32.2289	12.67°N 32.23°E
city	Angsby	Elvester		2831	2711	6.8700	3.8975	6.87°N 3.90°E
city	Annesburg	Hollosend		1717	3191	16.3800	-54.0587	16.38°N 54.06°W
city	Annesburg East	Calveria		1724	3190	16.2900	-53.6996	16.29°N 53.70°W
city	Ansend	Calveria		1717	2983	19.5000	-48.4851	19.50°N 48.49°W
city	Ansenes	Skjarnland		2649	2169	17.7300	17.9328	17.73°N 17.93°E
city	Antreuil	Arverne		2911	2702	5.8050	6.7023	5.80°N 6.70°E
city	Anxiang	Guandong		3331	685	29.7600	118.5956	29.76°N 118.60°E
city	Anxing	Furan		3499	420	31.2150	141.4187	31.21°N 141.42°E
city	Anyi	Furan		3391	579	30.4500	127.4962	30.45°N 127.50°E
city	Aoili	Seignid		3813	537	24.7500	135.5586	24.75°N 135.56°E
city	Aomizu	Nichirin		2881	891	33.4200	94.9629	33.42°N 94.96°E
city	Aotani	Kinshū		2992	5495	-37.3050	-128.2494	37.30°S 128.25°W
city	Aperton	Elvester		2780	2746	7.1100	1.1075	7.11°N 1.11°E
city	Aqmescit	East Kaukasos		3412	2356	3.4800	32.9542	3.48°N 32.95°E
city	Aquarias	E.S.U.		2120	3036	12.6600	-31.9783	12.66°N 31.98°W
city	Aquilla	E.S.U.		2069	3228	10.5450	-39.3846	10.54°N 39.38°W
city	Arachas	The Verdanie		2413	4522	-14.0250	-74.9497	14.02°S 74.95°W
city	Arado	Cahaya		4587	970	6.6450	117.1603	6.64°N 117.16°E
city	Arakawa	Nichirin		2687	864	36.7350	92.4078	36.73°N 92.41°E
city	Aram	Shivon		3699	3291	-14.8500	14.6587	14.85°S 14.66°E
city	Aranvata	Arunya		3764	4635	-35.9850	-43.5379	35.98°S 43.54°W
city	Araytan	Seignid		3902	508	23.8500	138.5306	23.85°N 138.53°E
city	Arbel	Shivon		3673	3403	-16.1400	9.8700	16.14°S 9.87°E
city	Archtessa	Giathka		3739	1790	7.0650	63.4509	7.06°N 63.45°E
city	Arcturus	Skjarnland		2759	2207	15.5100	20.0081	15.51°N 20.01°E
city	Arèçatobie	The Verdanie		2364	4598	-14.4300	-79.8174	14.43°S 79.82°W
city	Arecaváros	Uj-Pannonia		4197	5077	-49.1100	-58.1071	49.11°S 58.11°W
city	Argungu	Côte de Saumon		2551	3750	-4.5150	-37.8698	4.51°S 37.87°W
city	Århaus	Skjarnland		2884	2500	9.2400	12.8380	9.24°N 12.84°E
city	Arisca	Vicily		3201	3237	-6.5700	-1.1650	6.57°S 1.17°W
city	Arkaim	Rudania		3189	1839	14.5800	48.3294	14.58°N 48.33°E
city	Arkankeli	Karjania		2839	2028	16.9950	29.9938	16.99°N 29.99°E
city	Armadillo	Hollosend		1335	3269	20.9400	-75.6125	20.94°N 75.61°W
city	Árnica	Reino		2798	2936	3.9900	-4.3321	3.99°N 4.33°W
city	Arpi	Vicily		3089	3100	-2.8350	-0.3407	2.83°S 0.34°W
city	Artevil	East Kaukasos		3633	2293	1.1100	40.7020	1.11°N 40.70°E
city	Arvada	Calveria		1863	3057	16.2000	-43.6829	16.20°N 43.68°W
city	Arverdun	Arverne		2942	2833	3.3750	3.3974	3.37°N 3.40°E
city	Arvernie	The Verdanie		2428	4545	-14.5950	-75.8027	14.60°S 75.80°W
city	Aryapur	Noradia		3989	4949	-44.0700	-56.4337	44.07°S 56.43°W
city	Arza	Costaserá		2438	3176	5.7900	-23.6623	5.79°N 23.66°W
city	Arzalma	Rudania		3320	1669	15.1650	59.5670	15.16°N 59.57°E
city	Asamitsu	Nichirin		2952	708	35.1000	110.3607	35.10°N 110.36°E
city	Asamori	Nichirin		2603	733	39.9600	100.8993	39.96°N 100.90°E
city	Asazuru	Nichirin		2196	870	44.0100	77.8474	44.01°N 77.85°E
city	Aschengel	Ponurvia		1052	2979	29.5350	-86.0481	29.53°N 86.05°W
city	Ashafa	Côte de Saumon		2615	3772	-5.8050	-37.1032	5.80°S 37.10°W
city	Ashford	Hollosend		1914	3699	5.8050	-57.2421	5.80°N 57.24°W
city	Ashihara	Nichirin		2660	639	40.5150	110.2698	40.52°N 110.27°E
city	Ashton	E.S.U.		1889	3178	13.9950	-45.7904	14.00°N 45.79°W
city	Askalawa	Seignid		4054	668	19.1700	129.0724	19.17°N 129.07°E
city	Aspadana	East Astriya		3353	3207	-8.4000	4.8309	8.40°S 4.83°E
city	Assansole	West Bangala		4059	5010	-46.0350	-58.4033	46.04°S 58.40°W
city	Atanao	Seignid		3901	516	23.7450	137.9443	23.74°N 137.94°E
city	Atanina	Seignid		3916	561	22.8450	134.8894	22.84°N 134.89°E
city	Atlalixpa	Auritania		1402	3842	11.3400	-83.7529	11.34°N 83.75°W
city	Atlantipitis	Hollosend		1859	3426	10.7250	-53.3699	10.72°N 53.37°W
city	Atoyansk	Rudania		3293	1996	10.6650	44.1407	10.66°N 44.14°E
city	Attaliya	Selmira		3507	3310	-12.2550	6.8416	12.25°S 6.84°E
city	Attenza	Vicily		3211	3292	-7.5450	-2.6524	7.54°S 2.65°W
city	Aubourg	Côte de Saumon		2585	3881	-6.9900	-42.1540	6.99°S 42.15°W
city	Åulot	Karjania		2767	2175	15.8700	21.5621	15.87°N 21.56°E
city	Áureo	Auritania		1407	4113	7.2000	-88.2391	7.20°N 88.24°W
city	Auritania City	Auritania		1201	3874	13.8750	-94.8059	13.87°N 94.81°W
city	Āvanak	Varahmehr		4089	3726	-27.2250	15.6129	27.22°S 15.61°E
city	Avaris	Kemet		3417	3769	-17.7900	-13.1616	17.79°S 13.16°W
city	Āxalpanco	Auritania		1060	3735	18.0750	-100.4171	18.07°N 100.42°W
city	Axiom	E.S.U.		2190	3176	9.5100	-33.0749	9.51°N 33.07°W
city	Ayanami	Nichirin		3162	391	36.7050	140.3828	36.70°N 140.38°E
city	Ayata	Hollosend		1566	3610	12.3600	-71.0819	12.36°N 71.08°W
city	Ayér Dalam	Cahaya		4590	1332	1.1700	99.0274	1.17°N 99.03°E
city	Ayocuan	Hollosend		1927	3737	5.0400	-57.5212	5.04°N 57.52°W
city	Ayonix	Noradia		4047	4962	-45.1350	-55.0652	45.13°S 55.07°W
city	Āzādport	Varahmehr		4122	4017	-32.0850	4.8951	32.09°S 4.90°E
city	Aziziye	Divia		3953	3431	-20.7600	20.3553	20.76°S 20.36°E
city	Azmashir	Selmira		3364	3200	-8.4600	5.4305	8.46°S 5.43°E
city	Azuréa	Arverne		3063	2863	1.1100	6.0749	1.11°N 6.07°E
city	Bacchus	Hollosend		1570	3263	17.5050	-63.0540	17.50°N 63.05°W
city	Bachstadt	Divia		3917	3412	-19.9350	19.4605	19.93°S 19.46°E
city	Baergrund	Ponurvia		1088	2941	29.5650	-82.7848	29.56°N 82.78°W
city	Bahārabad	Varahmehr		4044	3493	-23.0550	22.2227	23.05°S 22.22°E
city	Baiding	Guandong		3125	695	32.7000	114.5026	32.70°N 114.50°E
city	Baie-des-Baleines	The Verdanie		2486	4878	-20.4600	-92.8732	20.46°S 92.87°W
city	Baie-des-Moules	South Pelagonia		2565	5267	-27.4800	-116.6891	27.48°S 116.69°W
city	Baigau	Cahaya		4443	945	9.1800	116.8597	9.18°N 116.86°E
city	Baile-tuath	Elvester		2783	2548	10.0350	7.9347	10.04°N 7.93°E
city	Bais-Mai	Seignid		3847	679	22.1100	125.9920	22.11°N 125.99°E
city	Bakassa	Vicilian North Aphirica		2818	4100	-13.7700	-45.4073	13.77°S 45.41°W
city	Bakou	East Kaukasos		3567	2237	2.9400	41.2474	2.94°N 41.25°E
city	Balabilaran	Seignid		3907	711	20.7300	124.5734	20.73°N 124.57°E
city	Balajipur	Arunya		3793	4602	-35.9250	-40.3939	35.93°S 40.39°W
city	Balambangan	Cahaya		4534	1033	6.4950	113.1992	6.50°N 113.20°E
city	Balikas	Seignid		4089	724	17.8050	125.8467	17.80°N 125.85°E
city	Baliksampan	Cahaya		4640	1135	3.3750	109.2468	3.37°N 109.25°E
city	Balikura	Noradia		3865	4972	-42.5550	-62.9972	42.55°S 63.00°W
city	Balni	Arunya		3746	4664	-36.1500	-46.0279	36.15°S 46.03°W
city	Balong	Seignid		3888	498	24.2100	139.1245	24.21°N 139.12°E
city	Balsam Rise	E.S.U.		1962	3284	11.3100	-45.3603	11.31°N 45.36°W
city	Balukiser	Selmira		3398	3242	-9.6000	5.2388	9.60°S 5.24°E
city	Balulang	Cahaya		4605	988	6.1050	116.4062	6.10°N 116.41°E
city	Bandaoguan	Furan		3482	438	31.2000	139.7755	31.20°N 139.78°E
city	Bandar Mehr	Varahmehr		4230	3755	-29.7750	21.2951	29.77°S 21.30°E
city	Baram	Cahaya		4500	1181	4.7850	105.1611	4.78°N 105.16°E
city	Barcino	Arverne		2876	3010	1.7100	-4.0979	1.71°N 4.10°W
city	Bareba	Côte de Saumon		2498	3778	-4.1400	-40.2516	4.14°S 40.25°W
city	Bariccia	Vicily		3105	3113	-3.2700	-0.2490	3.27°S 0.25°W
city	Barram	Calveria		1776	3038	17.7900	-47.1874	17.79°N 47.19°W
city	Barranco	Auritania		1493	3844	9.9450	-79.2917	9.95°N 79.29°W
city	Bǎsavo	Slytlia		3312	2485	3.0450	25.6788	3.04°N 25.68°E
city	Bastsova	Rudania		3289	1604	16.6050	61.9865	16.61°N 61.99°E
city	Batasa	Seignid		4037	706	18.8550	126.4137	18.85°N 126.41°E
city	Bateaux	The Verdanie		2450	4920	-20.5500	-96.0259	20.55°S 96.03°W
city	Batman	Barbary		2864	3104	0.4800	-7.2386	0.48°N 7.24°W
city	Batoum	East Kaukasos		3493	2365	2.1300	34.6603	2.13°N 34.66°E
city	Batu Hitam	Cahaya		4526	1263	3.1650	101.4579	3.16°N 101.46°E
city	Batu Putih	Cahaya		4461	1088	6.7650	109.4143	6.76°N 109.41°E
city	Bayetovo	Perovska		3665	1688	9.7050	66.4786	9.71°N 66.48°E
city	Baygar	Calveria		1639	2964	20.9550	-51.8140	20.95°N 51.81°W
city	Bayou Nwa	Hollosend		1667	3541	11.8800	-64.7696	11.88°N 64.77°W
city	Bayunava	Slytlia		3296	2443	3.9150	26.7538	3.91°N 26.75°E
city	Bayusin	Seignid		3957	607	21.5400	132.1209	21.54°N 132.12°E
city	Beauchis	Côte de Saumon		2681	3866	-8.2050	-39.1161	8.21°S 39.12°W
city	Beaver Hollow	Hollosend		1639	3236	16.8750	-58.9662	16.88°N 58.97°W
city	Beining	Guandong		3083	691	33.3900	114.0859	33.39°N 114.09°E
city	Beizhou	Furan		3530	802	25.0200	113.3518	25.02°N 113.35°E
city	Bel-Éclat	The Verdanie		2316	4821	-17.0550	-92.7205	17.05°S 92.72°W
city	Bel-Horizon	The Verdanie		2503	4491	-14.9100	-71.4822	14.91°S 71.48°W
city	Belkamen	Rudania		3273	1487	18.6000	67.5378	18.60°N 67.54°E
city	Bella Utis	Hollosend		1941	3501	8.3700	-51.5987	8.37°N 51.60°W
city	Bellecôte	Arverne		2851	3035	1.7100	-5.6269	1.71°N 5.63°W
city	Belograd	Giathka		3898	1786	4.7400	66.8825	4.74°N 66.88°E
city	Belura	Arunya		3660	4743	-36.0450	-54.1952	36.05°S 54.20°W
city	Benadetto	Vicily		3026	2964	0.1500	1.8631	0.15°N 1.86°E
city	Bérampour	West Bangala		4089	5027	-46.7400	-58.5437	46.74°S 58.54°W
city	Bereket	Selmira		3664	3264	-13.9200	14.1956	13.92°S 14.20°E
city	Berelstein	Alemannia		2982	2545	7.0950	14.2320	7.09°N 14.23°E
city	Berenice	Vicily		3021	2928	0.7650	2.8139	0.76°N 2.81°E
city	Berenthal	Alemannia		3049	2765	2.7900	8.7926	2.79°N 8.79°E
city	Bergheim	Kogelland		2242	5236	-22.1700	-119.1774	22.17°S 119.18°W
city	Beringin	Cahaya		4454	995	8.2650	114.2632	8.26°N 114.26°E
city	Berumistad	Sidanya		3302	2380	4.7700	29.2080	4.77°N 29.21°E
city	Berun	E.S.U.		2174	3073	11.2950	-30.8405	11.29°N 30.84°W
city	Berytar	Selmira		3621	3330	-14.2650	10.3743	14.27°S 10.37°E
city	Berza	Vicily		3131	3093	-3.3600	1.1842	3.36°S 1.18°E
city	Bhanagiri	Arunya		3592	4791	-35.7450	-59.6682	35.74°S 59.67°W
city	Bhusawl Peta	Arunya		3794	4643	-36.5550	-42.8908	36.55°S 42.89°W
city	Bianzhou	Guandong		3472	669	27.8850	121.8401	27.88°N 121.84°E
city	Bidau	Cahaya		4709	1078	3.1950	112.9393	3.20°N 112.94°E
city	Bidéa	Côte de Saumon		2548	3863	-6.1650	-42.3510	6.16°S 42.35°W
city	Bierastia	Rudania		3079	2378	8.1450	23.1226	8.14°N 23.12°E
city	Bingang	Furan		3345	467	32.8200	135.8972	32.82°N 135.90°E
city	Biram	Côte de Saumon		2732	3810	-8.1300	-35.5515	8.13°S 35.55°W
city	Bisao	Hollosend		1978	3638	5.7600	-53.2051	5.76°N 53.21°W
city	Bitano	Vicily		3177	3181	-5.3700	-0.1276	5.37°S 0.13°W
city	Bitsik-Tura	Rudania		3152	1549	19.4850	61.3784	19.48°N 61.38°E
city	Blackwater	Hollosend		1448	3374	17.6700	-71.8955	17.67°N 71.90°W
city	Blaulohn	Ponurvia		1088	2855	30.8550	-80.6645	30.85°N 80.66°W
city	Blevins	Hollosend		1569	3438	14.8950	-67.1899	14.89°N 67.19°W
city	Blomaù	The Verdanie		2451	4750	-18.0150	-86.2305	18.02°S 86.23°W
city	Bochier	Barbary		2565	3146	4.3350	-18.3120	4.33°N 18.31°W
city	Bogalang	Seignid		3992	889	16.7850	114.4315	16.79°N 114.43°E
city	Bolao	Furan		3563	517	28.8000	134.3824	28.80°N 134.38°E
city	Bolsem	Calveria		1852	3142	15.0900	-46.4958	15.09°N 46.50°W
city	Bon-Repos	The Verdanie		2474	4589	-15.9450	-77.1116	15.94°S 77.11°W
city	Bon-Vents	The Verdanie		2366	5042	-21.1200	-104.8955	21.12°S 104.90°W
city	Bonnen	Alemannia		2965	2685	5.2500	8.9204	5.25°N 8.92°E
city	Borbagne	Ponurvia		1145	2977	28.1700	-80.0000	28.17°N 80.00°W
city	Bordigal	Arverne		2852	2862	4.2900	-0.3150	4.29°N 0.32°W
city	Borgund	Skjarnland		2738	2423	12.5850	10.9862	12.58°N 10.99°E
city	Bossina	Vicily		3117	3042	-2.3850	2.3112	2.38°S 2.31°E
city	Boston	Salishia		1327	2607	30.9900	-58.5663	30.99°N 58.57°W
city	Botai	Auritania		1507	3962	7.9650	-80.8009	7.96°N 80.80°W
city	Bouche-du-Suècop	The Verdanie		2491	4864	-20.3250	-91.9569	20.32°S 91.96°W
city	Bouche-Grand'Eau	The Verdanie		2307	4751	-15.8700	-89.0166	15.87°S 89.02°W
city	Bougie	Barbary		2833	3051	1.7400	-6.6689	1.74°N 6.67°W
city	Bracetara	Hollosend		1621	3132	18.7050	-57.2228	18.70°N 57.22°W
city	Brado	Reino		2709	2980	4.6650	-8.5744	4.67°N 8.57°W
city	Braneyětsi	Slytlia		3340	2552	1.6200	24.0733	1.62°N 24.07°E
city	Branitzburg	Sankt Gerold Island		3840	5328	-47.5200	-94.5763	47.52°S 94.58°W
city	Brdoujście	Eivorie		3021	2469	7.6500	18.0984	7.65°N 18.10°E
city	Breast	Arverne		2772	2800	6.4200	-0.9045	6.42°N 0.90°W
city	Breislach	Alemannia		3062	2531	6.1050	17.0892	6.10°N 17.09°E
city	Brellino	Vicily		3192	3056	-3.7200	4.2559	3.72°S 4.26°E
city	Brennand	Hollosend		1615	3296	16.3350	-61.6127	16.34°N 61.61°W
city	Brimstone	Hollosend		1646	3563	11.8650	-66.2430	11.87°N 66.24°W
city	Brimund	Alemannia		2926	2604	7.0500	10.4810	7.05°N 10.48°E
city	Britannica	Giathka		3662	1764	8.6100	62.9635	8.61°N 62.96°E
city	Brogesne	Arverne		3022	2831	2.2050	5.8739	2.21°N 5.87°E
city	Brompadil	Recolotta		3190	4844	-30.5100	-75.0681	30.51°S 75.07°W
city	Brulignon	Arverne		2919	2712	5.5350	6.6169	5.53°N 6.62°E
city	Brunn	Alemannia		3113	2577	4.6500	16.9561	4.65°N 16.96°E
city	Bugang	Axerfreditenshin		3318	812	28.0500	109.2203	28.05°N 109.22°E
city	Buktoon	Hollosend		2371	3585	0.6600	-36.6891	0.66°N 36.69°W
city	Bungaloo	Southeast Aphirica		3307	4207	-22.7100	-36.1123	22.71°S 36.11°W
city	Buranachesk	Rudania		3120	2356	7.8600	25.1132	7.86°N 25.11°E
city	Burghersville	E.S.U.		2035	3267	10.4700	-41.8257	10.47°N 41.83°W
city	Byer-Way	Recolotta		3097	4940	-30.5550	-83.7093	30.55°S 83.71°W
city	Cadounie	Côte de Saumon		2599	3844	-6.6450	-40.3275	6.64°S 40.33°W
city	Caertaff	Elvester		2797	2753	6.7500	1.4270	6.75°N 1.43°E
city	Cairenza	Vicily		2975	3120	-1.4250	-4.4200	1.42°S 4.42°W
city	Cakobau	New Celyddon		4213	464	19.8450	144.2848	19.84°N 144.28°E
city	Caldrin	Calveria		1716	2944	20.1000	-47.4335	20.10°N 47.43°W
city	Calgaich	Elvester		2720	2612	10.0200	3.6459	10.02°N 3.65°E
city	Calme-Lac	The Verdanie		2577	4566	-17.1450	-73.7122	17.14°S 73.71°W
city	Calumet	Hollosend		1572	3210	18.2700	-61.6562	18.27°N 61.66°W
city	Camberford	Hollosend		2037	3701	3.9300	-52.1994	3.93°N 52.20°W
city	Camberlyn	Hollosend		1513	3443	15.6600	-70.0969	15.66°N 70.10°W
city	Campagnes	The Verdanie		2457	4614	-16.0650	-78.7705	16.06°S 78.77°W
city	Çanakalesi	Selmira		3356	3225	-8.7150	4.3514	8.71°S 4.35°E
city	Canebreak	Hollosend		1652	3364	14.7600	-61.4354	14.76°N 61.44°W
city	Cangyuan	Guandong		3128	658	33.2100	117.4326	33.21°N 117.43°E
city	Canot	Côte de Saumon		2702	3833	-8.0250	-37.2516	8.03°S 37.25°W
city	Cap de Bonne-Espérance	South Pelagonia		2493	5229	-25.8300	-115.1192	25.83°S 115.12°W
city	Cap-des-Flammes	South Pelagonia		2708	5326	-30.5100	-118.8200	30.51°S 118.82°W
city	Cap-Froid	The Verdanie		2559	4561	-16.8000	-73.8443	16.80°S 73.84°W
city	Capsa	Vicily		2922	3139	-0.9150	-6.5769	0.91°S 6.58°W
city	Carapour	West Bangala		4032	5027	-45.8850	-60.8977	45.88°S 60.90°W
city	Caravigna	Vicily		2970	3061	-0.4650	-2.7442	0.46°S 2.74°W
city	Carbopolis	Salishia		1368	2648	29.7600	-57.3705	29.76°N 57.37°W
city	Carmeloma	Hollosend		1614	3604	11.7300	-68.6470	11.73°N 68.65°W
city	Carnelune	Arverne		2899	2796	4.5750	3.2555	4.57°N 3.26°E
city	Carruther	Hollosend		1577	3128	19.4250	-59.3369	19.43°N 59.34°W
city	Carthena	Hollosend		1924	3368	10.6200	-49.1156	10.62°N 49.12°W
city	Cartishire	Thule		2345	2921	11.0100	-19.6886	11.01°N 19.69°W
city	Casamarilla	Costaserá		2420	3057	7.8450	-20.9348	7.84°N 20.93°W
city	Cassiné	Côte de Saumon		2654	3774	-6.4200	-36.1809	6.42°S 36.18°W
city	Castelgulfio	Vicily		3216	3210	-6.3900	0.1938	6.39°S 0.19°E
city	Castelmar	Hollosend		2005	3711	4.2600	-53.7229	4.26°N 53.72°W
city	Catambria	Vicily		3029	3172	-3.0150	-4.4387	3.01°S 4.44°W
city	Catloban	Seignid		3960	768	19.0800	121.5228	19.08°N 121.52°E
city	Cavares	Arverne		2953	2878	2.5350	2.3152	2.53°N 2.32°E
city	Cengkeh	Cahaya		4696	1198	1.5900	106.8273	1.59°N 106.83°E
city	Chakalov	Rudania		3287	1958	11.3250	45.6092	11.32°N 45.61°E
city	Champ-de-Bruges	The Verdanie		2415	4828	-18.6450	-91.3054	18.64°S 91.31°W
city	Champs-des-Goitacés	The Verdanie		2565	4541	-16.5900	-72.6767	16.59°S 72.68°W
city	Chang'an	Furan		3516	777	25.6050	114.8428	25.61°N 114.84°E
city	Changsu	Furan		3727	844	21.4350	113.5288	21.43°N 113.53°E
city	Changzhou	Furan		3733	466	27.0150	140.0476	27.01°N 140.05°E
city	Chanteloup	The Verdanie		2375	4717	-16.3800	-85.8924	16.38°S 85.89°W
city	Chapécu	The Verdanie		2378	4776	-17.3100	-89.0714	17.31°S 89.07°W
city	Charlotte	E.S.U.		2167	3039	11.9100	-30.1498	11.91°N 30.15°W
city	Cheman	Tonkin		4200	826	14.6100	120.8357	14.61°N 120.84°E
city	Chemeketa	Salishia		1295	2641	30.9600	-61.5549	30.96°N 61.55°W
city	Chernovar	Giathka		3652	1751	8.9550	63.3315	8.95°N 63.33°E
city	Chevalier	The Verdanie		2246	4687	-13.9950	-86.7140	14.00°S 86.71°W
city	Chicazos	Hollosend		1665	3687	9.7200	-68.0045	9.72°N 68.00°W
city	Chinger	Axerfreditenshin		2936	973	31.3650	90.3914	31.36°N 90.39°E
city	Chouzhou	Furan		3713	644	24.6450	126.7891	24.65°N 126.79°E
city	Chūkyō	Nichirin		2571	672	41.3550	105.4024	41.35°N 105.40°E
city	Chuparosa	Anticostia		2342	3040	9.2700	-23.3445	9.27°N 23.34°W
city	Chyumen	Rudania		3123	1767	16.6500	49.9141	16.65°N 49.91°E
city	Cicheng	Furan		3456	528	30.2400	132.2892	30.24°N 132.29°E
city	Cielos Despejados	Reino		2683	2784	7.9950	-3.3254	8.00°N 3.33°W
city	Citandui	Cahaya		4568	1390	0.6300	96.0121	0.63°N 96.01°E
city	Ciudad Araya	Auritania		1429	3769	12.0300	-81.0312	12.03°N 81.03°W
city	Ciudad Cuerdas	Reino		2545	2911	8.1600	-12.0748	8.16°N 12.07°W
city	Ciudad de Diogo Jota	Hollosend		1436	3720	12.6600	-79.7362	12.66°N 79.74°W
city	Ciudad de Magdalena	Hollosend		1491	3666	12.6450	-75.9162	12.64°N 75.92°W
city	Ciudad de Manteca	Anticostia		2335	2968	10.4550	-21.4860	10.46°N 21.49°W
city	Ciudad Primada	Hollosend		1815	3604	8.7150	-59.4242	8.71°N 59.42°W
city	Ciudad Tranquila	Hollosend		2015	3616	5.5350	-51.1774	5.53°N 51.18°W
city	Claremont	Calveria		1754	2968	19.1700	-46.2770	19.17°N 46.28°W
city	Cochinay	Hollosend		1752	3280	14.5200	-54.6582	14.52°N 54.66°W
city	Coival	Calveria		1725	3060	18.2250	-50.2194	18.22°N 50.22°W
city	Colatine	The Verdanie		2566	4480	-15.6900	-69.5438	15.69°S 69.54°W
city	Coldharbor	Hollosend		1917	3708	5.6250	-57.3120	5.63°N 57.31°W
city	Colline d'Unité	The Verdanie		2344	4658	-15.0300	-83.3373	15.03°S 83.34°W
city	Colter	Elvester		2760	2701	8.0850	1.9447	8.08°N 1.94°E
city	Conhawa	Seignid		3805	821	20.6100	116.1089	20.61°N 116.11°E
city	Conriat	Reino		2791	2914	4.4250	-3.8808	4.42°N 3.88°W
city	Conway	Calveria		1783	3225	14.8800	-51.8291	14.88°N 51.83°W
city	Copperhead City	Hollosend		1636	3339	15.3750	-61.6161	15.37°N 61.62°W
city	Corvus	E.S.U.		1957	3219	12.3600	-43.8872	12.36°N 43.89°W
city	Cosgale	Calveria		1917	3049	15.5100	-41.0310	15.51°N 41.03°W
city	Cotorra	Hollosend		1522	3268	18.1500	-65.6117	18.15°N 65.61°W
city	Coulne	West Bangala		4056	5099	-47.3250	-65.9895	47.32°S 65.99°W
city	Creston	Hollosend		2059	3672	4.0350	-50.6613	4.03°N 50.66°W
city	Criumécie	The Verdanie		2464	4811	-19.1250	-89.4095	19.12°S 89.41°W
city	Cromsine	E.S.U.		1872	3194	14.0100	-46.9720	14.01°N 46.97°W
city	Cromwell Beach	Hollosend		2026	3461	7.6950	-47.0749	7.69°N 47.07°W
city	Csernovic	Genosa		3239	2454	4.6050	24.8200	4.61°N 24.82°E
city	Cualācoyotl	Auritania		1112	3774	16.7100	-98.0679	16.71°N 98.07°W
city	Cuauhxochic	Auritania		1152	4084	11.4600	-100.7945	11.46°N 100.79°W
city	Cuéllar	Hollosend		1784	3631	8.7750	-61.3961	8.78°N 61.40°W
city	Cumaraca	Hollosend		1691	3639	10.0500	-65.7861	10.05°N 65.79°W
city	Cumberland Falls	Hollosend		1521	3332	17.2050	-67.1708	17.20°N 67.17°W
city	Curden	Hollosend		1499	3574	13.9050	-73.6251	13.90°N 73.63°W
city	Curiana	Hollosend		1547	3657	11.9400	-72.9823	11.94°N 72.98°W
city	Czółnów	Eivorie		3070	2491	6.5850	18.7412	6.58°N 18.74°E
city	Dachinqaz	Axerfreditenshin		3345	1246	21.1350	82.2958	21.13°N 82.30°E
city	Dadun	Furan		3477	424	31.4850	140.8716	31.48°N 140.87°E
city	Daikei	Nichirin		2767	763	37.0500	102.1870	37.05°N 102.19°E
city	Daiping	Guandong		3126	738	32.0400	111.2422	32.04°N 111.24°E
city	Dakhelia	Kemet		3564	3415	-14.6850	5.3416	14.68°S 5.34°E
city	Daliborov	Polabiny		3395	2126	7.1850	41.3729	7.18°N 41.37°E
city	Dämglühen-Altenwald	Ponurvia		1042	3065	28.3950	-88.6633	28.39°N 88.66°W
city	Danfeng	Furan		3516	694	26.8500	120.6556	26.85°N 120.66°E
city	Darband	Varahmehr		4089	3600	-25.3350	20.4175	25.33°S 20.42°E
city	Darülmülk	Selmira		3561	3263	-12.3600	10.3632	12.36°S 10.36°E
city	Dashtvār	Varahmehr		4020	3543	-23.4450	19.3509	23.45°S 19.35°E
city	Dayan	Seignid		3961	713	19.8900	125.0834	19.89°N 125.08°E
city	Daycott	Calveria		1744	3077	17.6850	-49.7698	17.68°N 49.77°W
city	Dedeagach	East Astriya		3293	3206	-7.4850	2.8468	7.48°S 2.85°E
city	Delano	Hollosend		1786	3451	11.4450	-57.2274	11.44°N 57.23°W
city	Delvin	Hollosend		1555	3559	13.2900	-70.5358	13.29°N 70.54°W
city	Demirtas	East Astriya		3277	3119	-5.9400	5.0749	5.94°S 5.07°E
city	Dengjiakou	Seignid		3811	749	21.6000	120.8684	21.60°N 120.87°E
city	Deqiang	Guandong		3172	657	32.5650	118.2293	32.56°N 118.23°E
city	Der'myansk	Rudania		2631	1571	26.9700	45.4069	26.97°N 45.41°E
city	Derabad	Noradia		3902	4992	-43.4100	-63.1681	43.41°S 63.17°W
city	Deristopol	Sidanya		3243	2399	5.3700	26.9266	5.37°N 26.93°E
city	Derkan	Axerfreditenshin		3150	1020	27.4500	91.9424	27.45°N 91.94°E
city	Deyrë Zor	Shivon		3773	3330	-16.5450	16.2834	16.55°S 16.28°E
city	Dharamapur	Noradia		3988	4875	-42.9450	-50.8958	42.94°S 50.90°W
city	Diarburg	Divia		3772	3230	-15.0300	19.5198	15.03°S 19.52°E
city	Dihok	Divia		3854	3272	-16.8900	21.4936	16.89°S 21.49°E
city	Dimitrovsk	Giathka		3607	1776	9.2550	61.2261	9.26°N 61.23°E
city	Divignac	Arverne		2989	2782	3.4350	6.4564	3.43°N 6.46°E
city	Divny Potok	Polabiny		3546	2205	3.7350	41.9718	3.73°N 41.97°E
city	Diwaniye	Divia		3967	3470	-21.5550	19.6055	21.55°S 19.61°E
city	Dmitriyevsk	Rudania		3327	2118	8.3250	39.9669	8.32°N 39.97°E
city	Doborá	Auritania		1491	3977	7.9800	-81.8361	7.98°N 81.84°W
city	Dobrezliem	Genosa		3215	2524	3.9150	21.6728	3.91°N 21.67°E
city	Doggy Hawk	Hollosend		1886	3394	10.8000	-51.4091	10.80°N 51.41°W
city	Dogma	E.S.U.		2007	3074	13.7850	-37.7996	13.78°N 37.80°W
city	Dolays	Hollosend		1518	3380	16.5300	-68.4279	16.53°N 68.43°W
city	Doministad	Sidanya		3111	2403	7.2900	23.1121	7.29°N 23.11°E
city	Domyslava	Slytlia		3385	2463	2.2800	28.3789	2.28°N 28.38°E
city	Dondong	Cahaya		4445	1144	6.1650	106.3124	6.16°N 106.31°E
city	Dongguan	Furan		3596	477	28.9050	137.8394	28.91°N 137.84°E
city	Dongjin	Guandong		3106	630	33.9600	119.2934	33.96°N 119.29°E
city	Dongye	Furan		3437	445	31.7700	138.7326	31.77°N 138.73°E
city	Donnerbucht	E.S.U.		2235	3156	9.1350	-30.7513	9.13°N 30.75°W
city	Donuzlu	Selmira		3459	3286	-11.1750	5.9258	11.17°S 5.93°E
city	Doranama	Recolotta		3094	5088	-32.7300	-94.0073	32.73°S 94.01°W
city	Dorigrad	Sidanya		3260	2235	7.5750	33.5760	7.57°N 33.58°E
city	Dorudgar	Varahmehr		4197	3760	-29.3550	19.4558	29.36°S 19.46°E
city	Doverhill	Hollosend		1607	3153	18.6000	-58.4622	18.60°N 58.46°W
city	Dracut	Calveria		1811	3052	17.0550	-45.9346	17.05°N 45.93°W
city	Dragmir	Selmira		3392	3219	-9.1650	5.7784	9.16°S 5.78°E
city	Dragunov	Rudania		3204	1706	16.3500	54.9165	16.35°N 54.92°E
city	Dranne	Ponurvia		1053	2933	30.2100	-84.8971	30.21°N 84.90°W
city	Dräsden	Alemannia		3023	2574	6.0450	14.4399	6.04°N 14.44°E
city	Drevnygorod	Giathka		3809	1803	5.8200	64.3407	5.82°N 64.34°E
city	Driporus	Slytlia		3337	2377	4.2900	30.2415	4.29°N 30.24°E
city	Drolov	Sidanya		3337	2360	4.5450	30.8689	4.54°N 30.87°E
city	Druskivik	Skjarnland		2900	2500	9.0000	13.3333	9.00°N 13.33°E
city	Drussina	Vicily		3047	2905	0.7200	4.2944	0.72°N 4.29°E
city	Dubienka	Perovska		3686	1692	9.3300	66.7386	9.33°N 66.74°E
city	Dubnica	Polabiny		3475	2239	4.2900	38.9359	4.29°N 38.94°E
city	DuClare	E.S.U.		2006	3087	13.6050	-38.2054	13.61°N 38.21°W
city	Dukuzaya	Southeast Aphirica		3358	4042	-21.0000	-26.7652	21.00°S 26.77°W
city	Dùn Èideann	Elvester		2812	2591	8.9550	7.3626	8.95°N 7.36°E
city	Dùn Phris	Elvester		2801	2629	8.5500	5.7017	8.55°N 5.70°E
city	Dunborg	Calveria		1795	2981	18.3600	-44.6985	18.36°N 44.70°W
city	Dunbryn	Hollosend		1535	3491	14.6100	-70.0517	14.61°N 70.05°W
city	Dunguncundung	Cahaya		4591	1308	1.5150	100.1763	1.52°N 100.18°E
city	Dunmaris	Elvester		2841	2738	6.3150	3.3232	6.31°N 3.32°E
city	Dunmaris-Est	South Pelagonia		2738	5295	-30.4950	-116.0222	30.49°S 116.02°W
city	Dunridge	Hollosend		1881	3688	6.4650	-58.4055	6.46°N 58.41°W
city	Dunwalde	Ponurvia		1408	3011	23.7150	-65.2953	23.71°N 65.30°W
city	Durasso	Vicily		3127	3169	-4.4400	-1.3254	4.44°S 1.33°W
city	Duval dos Agostinianos	Hollosend		1929	3563	7.6200	-53.5543	7.62°N 53.55°W
city	Dyfford	Elvester		2807	2751	6.6300	1.8136	6.63°N 1.81°E
city	Dyr	Recolotta		3210	4771	-29.7150	-69.9129	29.71°S 69.91°W
city	Dzhalka	Perovska		3623	1494	13.2450	74.8915	13.24°N 74.89°E
city	Eastmere	Hollosend		2057	3776	2.5050	-53.0465	2.50°N 53.05°W
city	Edessa	Divia		3727	3243	-14.5500	17.3201	14.55°S 17.32°E
city	Edlawada	Arunya		3806	4756	-38.4300	-49.7382	38.43°S 49.74°W
city	Efricia	Vicily		2989	3076	-0.9750	-2.6386	0.97°S 2.64°W
city	Ehecatépetl	Auritania		1231	3856	13.6950	-92.8838	13.70°N 92.88°W
city	Eichenau	Neuhollmar		3186	5636	-42.3300	-138.7665	42.33°S 138.77°W
city	Eilat	Shivon		3679	3485	-17.4600	7.2208	17.46°S 7.22°E
city	Eirosen	Seignid		3930	537	22.9950	136.7226	22.99°N 136.72°E
city	Eisenfeld	Alemannia		2932	2656	6.1800	8.8905	6.18°N 8.89°E
city	Ekantapur	Noradia		3854	4889	-41.1450	-57.1999	41.14°S 57.20°W
city	El Paso del Norte	Auritania		1158	3715	16.9050	-94.4511	16.90°N 94.45°W
city	Elstenhagen	Hochbrunn-am-Saharameer		3193	3893	-16.2900	-25.6410	16.29°S 25.64°W
city	Elyredon	Ponurvia		1330	2981	25.3350	-68.9353	25.33°N 68.94°W
city	Emerald	Calveria		1751	3143	16.5900	-51.1974	16.59°N 51.20°W
city	Emesa	Shivon		3672	3333	-15.0750	12.2162	15.07°S 12.22°E
city	Enambatu	Cahaya		4426	1291	4.2450	98.7056	4.25°N 98.71°E
city	Enete	Selmira		3645	3086	-10.9650	19.0966	10.96°S 19.10°E
city	Enkelberg	Ponurvia		1150	3026	27.3600	-80.8621	27.36°N 80.86°W
city	Enkichi	Nichirin		2659	695	39.6900	105.4025	39.69°N 105.40°E
city	Eraclea	Vicily		3297	3274	-8.5650	0.7626	8.56°S 0.76°E
city	Ercolano	Vicily		3014	3004	-0.2700	0.3009	0.27°S 0.30°E
city	Eretz	Shivon		3646	3386	-15.4800	9.4203	15.48°S 9.42°E
city	Erevan	East Kaukasos		3546	2341	1.6950	36.8439	1.69°N 36.84°E
city	Ergarn	Ponurvia		1315	2895	26.8500	-67.5534	26.85°N 67.55°W
city	Erias	E.S.U.		1985	3118	13.4550	-39.9647	13.45°N 39.96°W
city	Erlyors	Auritania		1490	4024	7.2900	-82.7203	7.29°N 82.72°W
city	Erlyors	Reino		2577	2930	7.3950	-11.5380	7.39°N 11.54°W
city	Erpesfurt	Alemannia		3020	2620	5.4000	12.7660	5.40°N 12.77°E
city	Escalera	Costaserá		2480	3075	6.6750	-19.2799	6.67°N 19.28°W
city	Eshkarot	Shivon		3619	3361	-14.7000	9.2510	14.70°S 9.25°E
city	Espira	Reino		2642	2985	5.5950	-10.9721	5.59°N 10.97°W
city	Estella Gorge	E.S.U.		1865	3242	13.3950	-48.5334	13.39°N 48.53°W
city	Estellia	E.S.U.		2164	3123	10.6950	-32.6499	10.69°N 32.65°W
city	Esturdia	Reino		2770	2874	5.3400	-3.3168	5.34°N 3.32°W
city	Étiencourt	Arverne		2979	2848	2.5950	4.0467	2.59°N 4.05°E
city	Eton	Sidanya		3182	2389	6.4350	25.6220	6.43°N 25.62°E
city	Ewapalt	Ponurvia		950	2873	32.6550	-90.5415	32.65°N 90.54°W
city	Ewing Basin	E.S.U.		1980	2975	15.6750	-36.1453	15.67°N 36.15°W
city	Eyrborg	Skjarnland		2864	2326	12.1500	18.6590	12.15°N 18.66°E
city	Fairden	Calveria		1624	3100	19.1400	-56.2405	19.14°N 56.24°W
city	Falkenheim	Sankt Gerold Island		3941	5240	-47.7150	-82.9443	47.71°S 82.94°W
city	Falkmere	Hollosend		1884	3634	7.2300	-57.0859	7.23°N 57.09°W
city	Farride	West Bangala		4091	5087	-47.6700	-63.5294	47.67°S 63.53°W
city	Farsan	East Kaukasos		3593	2283	1.8600	40.1293	1.86°N 40.13°E
city	Fayetteville	Hollosend		1962	3351	10.3050	-47.0582	10.30°N 47.06°W
city	Federico	Anticostia		2336	3014	9.7500	-22.8112	9.75°N 22.81°W
city	Fehérváros	Alemannia		3170	2590	3.6000	18.1250	3.60°N 18.13°E
city	Fengzhou	Guandong		3280	550	32.5500	128.3029	32.55°N 128.30°E
city	Fezagona	Costaserá		2493	3070	6.5550	-18.6698	6.55°N 18.67°W
city	Fiorentina	Vicily		2998	2983	0.2850	0.4514	0.28°N 0.45°E
city	Fleuve-Calme	The Verdanie		2292	4827	-16.7850	-93.4849	16.79°S 93.48°W
city	Flutheim	Neuhollmar		3183	5650	-42.4950	-140.2147	42.49°S 140.21°W
city	Flux	The Verdanie		2235	4837	-16.0800	-95.0406	16.08°S 95.04°W
city	Fönigsfeld	Ponurvia		1134	3136	25.9500	-84.3934	25.95°N 84.39°W
city	Fort Abigail	Salishia		1322	2699	29.6850	-61.6414	29.68°N 61.64°W
city	Fort Freedom	E.S.U.		1913	3171	13.7400	-44.5397	13.74°N 44.54°W
city	Fort George	Hollosend		1476	3448	16.1400	-72.0877	16.14°N 72.09°W
city	Fort Hawkins	Hollosend		1882	3465	9.7950	-53.2897	9.79°N 53.29°W
city	Fort Jones	E.S.U.		2072	2941	14.8050	-31.2029	14.80°N 31.20°W
city	Fort Liberty	Hollosend		1551	3115	20.0100	-60.3343	20.01°N 60.33°W
city	Fort Madison	Hollosend		2042	3768	2.8500	-53.4733	2.85°N 53.47°W
city	Fort Pinevale	E.S.U.		1823	3269	13.6200	-51.1155	13.62°N 51.12°W
city	Fort Sigismund	Ponurvia		1110	3067	27.3450	-84.3333	27.34°N 84.33°W
city	Fort St. Louis	Hollosend		1749	3551	10.5000	-61.2000	10.50°N 61.20°W
city	Fort Union	E.S.U.		2229	3114	9.8550	-29.8147	9.86°N 29.81°W
city	Forte Carmpagna	Vicilian North Aphirica		2959	4032	-14.8650	-38.5586	14.87°S 38.56°W
city	Foster	E.S.U.		2021	2985	14.9100	-34.6624	14.91°N 34.66°W
city	Foundry	E.S.U.		2125	3208	10.0050	-36.5535	10.00°N 36.55°W
city	Franmark	Alemannia		2995	2668	5.0550	10.3938	5.05°N 10.39°E
city	Freselmir	Ponurvia		1117	2892	29.8650	-79.6957	29.86°N 79.70°W
city	Friburg	Hollosend		1573	3513	13.7100	-68.6591	13.71°N 68.66°W
city	Fritown	E.S.U.		2224	3001	11.6250	-26.7675	11.62°N 26.77°W
city	Fuerte Principe	Hollosend		1744	3604	9.7800	-62.6028	9.78°N 62.60°W
city	Fuhe	Guandong		3358	720	28.8300	116.4394	28.83°N 116.44°E
city	Fuhua	Guandong		3087	736	32.6550	110.6932	32.65°N 110.69°E
city	Fumino	Kinshū		2973	5350	-34.8450	-116.3612	34.84°S 116.36°W
city	Funda	Reino		2732	2944	4.8600	-6.7230	4.86°N 6.72°W
city	Gaelham	Elvester		2813	2716	7.0650	3.1579	7.06°N 3.16°E
city	Gaharu	Cahaya		4712	1160	1.9200	108.8828	1.92°N 108.88°E
city	Galleta	Reino		2657	2841	7.5300	-6.0240	7.53°N 6.02°W
city	Galmazakan	Nozhnorstan		3687	1130	17.7450	95.5491	17.74°N 95.55°E
city	Gamulvy	Slytlia		3269	2567	2.4600	21.6518	2.46°N 21.65°E
city	Gandomabad	Varahmehr		4121	3501	-24.3300	25.4911	24.33°S 25.49°E
city	Ganjau	Cahaya		4679	1338	-0.2550	100.5148	0.26°S 100.51°E
city	Ganyun	Furan		3680	581	26.0850	130.9129	26.08°N 130.91°E
city	Gaoxiang	Furan		3512	417	31.0650	141.7918	31.07°N 141.79°E
city	Garovia	Vicilian North Aphirica		2793	3931	-10.8600	-38.8249	10.86°S 38.82°W
city	Gawaka	Seignid		3878	789	19.9950	119.1386	20.00°N 119.14°E
city	Geislandia	Reino		2716	3022	3.9300	-9.5992	3.93°N 9.60°W
city	Genéveau	Arverne		3026	2796	2.6700	7.1110	2.67°N 7.11°E
city	Genkai	Nichirin		2745	622	39.4950	113.4957	39.49°N 113.50°E
city	Geriano	Vicily		3022	3253	-4.1250	-7.2629	4.13°S 7.26°W
city	Geronde	Arverne		2900	2989	1.6650	-2.7203	1.66°N 2.72°W
city	Gilang	Seignid		3732	698	23.5500	123.2777	23.55°N 123.28°E
city	Gilensk	Sidanya		3339	2230	6.4650	35.8449	6.46°N 35.84°E
city	Gimhathitha	Arunya		3372	4869	-33.6150	-71.6840	33.61°S 71.68°W
city	Giwangan	Cahaya		4693	1267	0.6000	103.4698	0.60°N 103.47°E
city	Glaschu	Elvester		2780	2592	9.4200	6.2993	9.42°N 6.30°E
city	Golarrud	Varahmehr		4157	3577	-26.0100	24.4726	26.01°S 24.47°E
city	Golestan	Varahmehr		4264	3698	-29.4300	25.2303	29.43°S 25.23°E
city	Golzar	Varahmehr		3935	3730	-24.9750	8.5121	24.97°S 8.51°E
city	Gombeau	Côte de Saumon		2737	3885	-9.3300	-38.4232	9.33°S 38.42°W
city	Gonen	Shivon		3630	3381	-15.1650	8.9838	15.16°S 8.98°E
city	Gongguang	Furan		3578	650	26.5800	124.6547	26.58°N 124.65°E
city	González Perfecto	Auritania		1242	4104	9.8100	-96.3636	9.81°N 96.36°W
city	Gorizza	Vicily		3130	3121	-3.7650	0.2818	3.76°S 0.28°E
city	Gornell	Hollosend		1456	3673	13.0650	-77.8046	13.06°N 77.80°W
city	Gortari	Arunya		3671	4912	-38.7450	-65.3731	38.74°S 65.37°W
city	Goryūno	Nichirin		2475	914	39.1650	82.9094	39.16°N 82.91°E
city	Govnovka	Rudania		2962	1626	21.1800	52.4150	21.18°N 52.41°E
city	Gran Torre	Auritania		1289	4068	9.6450	-93.3769	9.64°N 93.38°W
city	Grand-Champ	The Verdanie		2245	4599	-12.6600	-82.1800	12.66°S 82.18°W
city	Gravil	Sidanya		3345	2272	5.7450	34.3849	5.74°N 34.38°E
city	Grestopol	Sidanya		3380	2238	5.7300	36.5895	5.73°N 36.59°E
city	Greywick	Hollosend		1901	3635	6.9600	-56.3801	6.96°N 56.38°W
city	Grizchevna	Nozhnorstan		3551	1300	17.2350	83.5250	17.23°N 83.53°E
city	Gromovsk	Giathka		3669	2095	3.5400	49.1534	3.54°N 49.15°E
city	Groscown	Sidanya		3219	2338	6.6450	28.5370	6.64°N 28.54°E
city	Großschloss	Ponurvia		1131	3160	25.6350	-85.1130	25.63°N 85.11°W
city	Grovingard	Sidanya		3203	2373	6.3600	26.7934	6.36°N 26.79°E
city	Grunnen	Alemannia		2885	2622	7.3950	8.5963	7.39°N 8.60°E
city	Grünstadt	Alemannia		3021	2539	6.6000	15.6043	6.60°N 15.60°E
city	Guangling	Guandong		3292	575	31.9950	126.4701	31.99°N 126.47°E
city	Gudapa	Arunya		3671	4834	-37.5750	-59.8970	37.58°S 59.90°W
city	Guiyuan	Furan		3545	642	27.1950	124.8006	27.19°N 124.80°E
city	Gulburagi	Arunya		3713	4724	-36.5550	-51.0749	36.55°S 51.07°W
city	Gumri	East Kaukasos		3526	2354	1.8000	35.8776	1.80°N 35.88°E
city	Guntapura	Arunya		3731	4863	-38.9100	-59.8238	38.91°S 59.82°W
city	Gurtheden	Skjarnland		2799	2262	14.0850	19.0990	14.08°N 19.10°E
city	Gusev	Rudania		3251	2200	8.2350	34.7056	8.23°N 34.71°E
city	Güzelhisar	Selmira		3418	3287	-10.5750	4.4533	10.57°S 4.45°E
city	Hadrei-Sheol	Shivon		3628	3590	-18.2700	1.4304	18.27°S 1.43°E
city	Haibo	Guandong		3111	610	34.1850	120.9836	34.19°N 120.98°E
city	Haitenfon	Tonkin		4122	845	15.4950	118.7558	15.49°N 118.76°E
city	Haiting	Furan		3287	504	33.1350	132.1393	33.13°N 132.14°E
city	Hakkōran	Nichirin		2852	530	39.2700	123.5837	39.27°N 123.58°E
city	Hakushiro	Nichirin		2863	781	35.3400	102.8430	35.34°N 102.84°E
city	Haliville	Calveria		1859	3091	15.7500	-44.8000	15.75°N 44.80°W
city	Hälsingberg	Skjarnland		2917	2461	9.3300	15.2622	9.33°N 15.26°E
city	Hamath	Shivon		3678	3318	-14.9400	12.9496	14.94°S 12.95°E
city	Hammerford	Hollosend		1400	3573	15.4050	-78.6527	15.40°N 78.65°W
city	Hammersburg	Alemannia		2928	2578	7.4100	11.4421	7.41°N 11.44°E
city	Hamtun	Elvester		2820	2763	6.2550	1.8377	6.25°N 1.84°E
city	Hanawa	Nichirin		2728	760	37.6800	101.5596	37.68°N 101.56°E
city	Haneburg	Alemannia		2956	2603	6.6150	11.4301	6.61°N 11.43°E
city	Hanibethel	Calveria		1763	3118	16.7850	-49.9693	16.79°N 49.97°W
city	Hanyang	Furan		3509	649	27.6300	123.8095	27.63°N 123.81°E
city	Harbridge	Calveria		1614	2825	23.4150	-49.1057	23.42°N 49.11°W
city	Harcepolis	Hollosend		1880	3307	12.1950	-49.5200	12.20°N 49.52°W
city	Hareumi	Kinshū		3151	5603	-41.3100	-135.9704	41.31°S 135.97°W
city	Harmon	Shivon		3638	3359	-14.9550	10.0380	14.95°S 10.04°E
city	Harran	Arunya		3587	4741	-34.9200	-56.5686	34.92°S 56.57°W
city	Harushige	Nichirin		2875	714	36.1650	108.3812	36.16°N 108.38°E
city	Hašler	Polabiny		3444	2118	6.5700	42.9126	6.57°N 42.91°E
city	Hatsamen-Anuchwal	Ponurvia		1324	2750	28.8900	-63.0044	28.89°N 63.00°W
city	Hävnia	Skjarnland		2918	2489	8.8950	14.2815	8.89°N 14.28°E
city	Hayidara	Arunya		3735	4784	-37.7850	-54.2430	37.78°S 54.24°W
city	Heitetsu	Nichirin		2885	692	36.3450	110.3550	36.34°N 110.36°E
city	Helbron	Shivon		3699	3389	-16.3200	11.3599	16.32°S 11.36°E
city	Hellesheim	Ponurvia		1054	3087	27.8850	-88.3700	27.88°N 88.37°W
city	Hempden	E.S.U.		2264	3105	9.4650	-28.1952	9.46°N 28.20°W
city	Hengliu	Guandong		3353	610	30.5550	124.5874	30.55°N 124.59°E
city	Heregate	Calveria		1676	3050	19.1100	-52.3318	19.11°N 52.33°W
city	Hermosaciudad	Auritania		1195	4113	10.3800	-98.9525	10.38°N 98.95°W
city	Hertzberg	Divia		3782	3275	-15.8550	18.4625	15.85°S 18.46°E
city	Hesheng	Furan		3530	867	24.0450	109.0152	24.04°N 109.02°E
city	Hessenberg	Ponurvia		1293	3162	23.1750	-75.5152	23.17°N 75.52°W
city	Hewlêr	Divia		3888	3300	-17.8200	21.9950	17.82°S 22.00°E
city	Hidacun	Calveria		1879	3000	16.8150	-41.3568	16.81°N 41.36°W
city	Hikusa	Kinshū		3010	5596	-39.0900	-137.1479	39.09°S 137.15°W
city	Himinato	Kinshū		3121	5655	-41.6400	-141.4764	41.64°S 141.48°W
city	Hinatachi	Hōrai		4139	5084	-48.3450	-61.2532	48.34°S 61.25°W
city	Hippone	Barbary		2895	3061	0.6600	-5.0168	0.66°N 5.02°W
city	Hiura	Kinshū		3053	5565	-39.2700	-133.6960	39.27°S 133.70°W
city	Hlašyta	Slytlia		3346	2467	2.8050	27.2183	2.80°N 27.22°E
city	Holguín	Auritania		1143	3662	17.9250	-94.3642	17.92°N 94.36°W
city	Homyel	Sidanya		3167	2296	8.0550	28.6985	8.05°N 28.70°E
city	Hongay	Tonkin		4104	834	15.9300	119.1981	15.93°N 119.20°E
city	Hongzhou	Furan		3525	576	28.4850	129.4367	28.48°N 129.44°E
city	Huaikou	Guandong		3244	575	32.7150	125.7973	32.71°N 125.80°E
city	Huakai	Guandong		3261	635	31.5600	121.3244	31.56°N 121.32°E
city	Huangdun	Furan		3597	602	27.0150	128.3877	27.01°N 128.39°E
city	Huangsha	Guandong		3029	787	32.7600	105.7547	32.76°N 105.75°E
city	Hubbidhara	Arunya		3628	4682	-34.6500	-51.4146	34.65°S 51.41°W
city	Hudson	Salishia		1361	2539	31.5000	-54.3692	31.50°N 54.37°W
city	Hueban	Hollosend		1681	3651	10.0200	-66.5041	10.02°N 66.50°W
city	Hügelfels	Neuhollmar		3255	5620	-43.1250	-136.2240	43.12°S 136.22°W
city	Hürth	E.S.U.		2213	3158	9.4350	-31.6701	9.43°N 31.67°W
city	Hyōtanjima	Nichirin		2980	676	35.1600	113.4354	35.16°N 113.44°E
city	Ifira	Napolyon Bonparterre Islands		4346	577	16.1550	137.8062	16.15°N 137.81°E
city	Ighir	Costaserá		2333	3148	7.7850	-26.7652	7.78°N 26.77°W
city	Igorvsk	Giathka		3685	1729	8.7900	65.0314	8.79°N 65.03°E
city	Igyrtsk	Rudania		3038	1078	28.2600	85.7143	28.26°N 85.71°E
city	Iharu	Nichirin		2594	844	38.4300	91.6230	38.43°N 91.62°E
city	Ikan	Perovska		3606	1711	10.2450	64.1527	10.24°N 64.15°E
city	Ikanikan	Cahaya		4539	1252	3.1350	102.1689	3.13°N 102.17°E
city	Ilerde	Arverne		2848	2990	2.4300	-4.3782	2.43°N 4.38°W
city	Ilimamik	Calveria		1852	2934	18.2100	-40.6937	18.21°N 40.69°W
city	Illup	E.S.U.		1917	3104	14.6850	-42.5533	14.68°N 42.55°W
city	Innstein	Alemannia		3099	2704	2.9550	12.2523	2.96°N 12.25°E
city	Irineta	Seignid		4012	681	19.6050	127.7605	19.60°N 127.76°E
city	Isdalen	Skjarnland		2794	2396	12.1500	13.8035	12.15°N 13.80°E
city	Ishigaki	Nichirin		2774	604	39.3300	115.6306	39.33°N 115.63°E
city	Iskenderiye	Selmira		3569	3162	-10.9650	13.9040	10.96°S 13.90°E
city	Iskiralsk	Rudania		3263	1581	17.3400	62.5021	17.34°N 62.50°E
city	Isla Sola	Reino		2388	3280	4.9800	-28.3275	4.98°N 28.33°W
city	Isohara	Mizuho		1484	4504	0.1800	-90.7816	0.18°N 90.78°W
city	Istonia	Sidanya		3374	2336	4.3500	32.7215	4.35°N 32.72°E
city	Istropol	Nitravia		3144	2583	4.0950	17.6323	4.09°N 17.63°E
city	Itakeyaki	Nichirin		2319	751	43.9500	91.9349	43.95°N 91.93°E
city	Itemori	Nichirin		2249	817	44.0100	84.0705	44.01°N 84.07°E
city	Iwabuchi	Nichirin		2534	698	41.5200	102.2525	41.52°N 102.25°E
city	Iwasaki	Kinshū		3026	5533	-38.3850	-131.1421	38.38°S 131.14°W
city	Izmid	Selmira		3384	3201	-8.7750	6.0831	8.78°S 6.08°E
city	Izovoretso	Slytlia		3314	2423	3.9450	27.9554	3.95°N 27.96°E
city	Iztatlac	Auritania		1175	4106	10.7850	-99.9015	10.78°N 99.90°W
city	Izuminone	Nichirin		2862	547	38.8650	122.2353	38.87°N 122.24°E
city	Jagiellonów	Eivorie		3131	2502	5.5050	20.0994	5.50°N 20.10°E
city	Jaguarière	The Verdanie		2303	4996	-19.4850	-103.1142	19.48°S 103.11°W
city	Jangsak	Cahaya		4490	1171	5.0850	105.5326	5.08°N 105.53°E
city	Jelutong	Cahaya		4497	1283	3.3000	100.0900	3.30°N 100.09°E
city	Jernigan	Hollosend		1928	3613	6.8850	-54.7374	6.88°N 54.74°W
city	Jeziorowsk	Eivorie		3037	2421	8.1300	20.3151	8.13°N 20.32°E
city	Jiangkou	Guandong		3073	754	32.5950	109.0724	32.59°N 109.07°E
city	Jiangling	Furan		3378	449	32.5950	137.7633	32.59°N 137.76°E
city	Jiaozhou	Guandong		3095	590	34.7250	122.3609	34.72°N 122.36°E
city	Jichevno	Nozhnorstan		3490	923	23.8050	104.7043	23.80°N 104.70°E
city	Jiekŋaluokta	Cuohpnjalla		2550	1918	22.9800	25.4611	22.98°N 25.46°E
city	Jilandan	Seignid		3786	801	21.1950	117.1354	21.20°N 117.14°E
city	Jingluo	Guandong		3439	704	27.8550	118.8269	27.85°N 118.83°E
city	Jingnan	Guandong		3161	634	33.0750	119.8577	33.07°N 119.86°E
city	Jingshui	Guandong		3194	681	31.8750	116.7329	31.88°N 116.73°E
city	Jingxi	Furan		3607	699	25.4100	121.5606	25.41°N 121.56°E
city	Jinkou	Furan		3697	431	28.0800	142.4128	28.08°N 142.41°E
city	Jinyang	Guandong		3358	740	28.5300	114.9927	28.53°N 114.99°E
city	Johannshafen	Andam Islands		4307	1812	-1.7850	76.3646	1.78°S 76.36°E
city	Joliet	The Verdanie		2448	4736	-17.7600	-85.5150	17.76°S 85.51°W
city	Jousse	Côte de Saumon		2641	3877	-7.7700	-40.5837	7.77°S 40.58°W
city	Jovellano	Hollosend		1610	3621	11.5350	-69.1990	11.54°N 69.20°W
city	Juana	Hollosend		1695	3596	10.6350	-64.6721	10.63°N 64.67°W
city	Juge-Forain	The Verdanie		2527	4546	-16.0950	-73.7609	16.10°S 73.76°W
city	Kaandiva	Arunya		3414	4856	-34.0500	-69.5871	34.05°S 69.59°W
city	Kabagishi	Nichirin		2108	776	46.7400	83.1345	46.74°N 83.13°E
city	Kabimas	Hollosend		1525	3707	11.5200	-75.0688	11.52°N 75.07°W
city	Kadmona	Shivon		3665	3361	-15.3900	11.0012	15.39°S 11.00°E
city	Kagamidaira	Nichirin		2456	695	42.7350	100.5966	42.73°N 100.60°E
city	Kagyrgyn	Rudania		1733	1617	39.7500	6.2328	39.75°N 6.23°E
city	Kahayan	Cahaya		4672	1220	1.6200	105.4582	1.62°N 105.46°E
city	Kahoney	Hollosend		1982	3578	6.6000	-51.6691	6.60°N 51.67°W
city	Kaijin	Guandong		3358	682	29.4000	119.2277	29.40°N 119.23°E
city	Kaisershafen	Kienam		4501	838	9.9150	123.4950	9.91°N 123.50°E
city	Kajuara	Cahaya		4493	1350	2.3550	96.8235	2.35°N 96.82°E
city	Kakashask	Rudania		3202	1873	13.8750	47.1369	13.87°N 47.14°E
city	Kalamburu	Arunya		3385	4832	-33.2550	-68.8501	33.25°S 68.85°W
city	Kalaraava	Karjania		2908	2122	14.5500	28.1272	14.55°N 28.13°E
city	Kalaria	Ponurvia		1200	2963	27.5550	-76.2287	27.55°N 76.23°W
city	Kalarov	Rudania		3156	2236	9.1200	30.7122	9.12°N 30.71°E
city	Kaligarang	Cahaya		4687	1256	0.8550	103.9172	0.85°N 103.92°E
city	Kalinghat	Noradia		3897	4844	-41.1150	-52.3044	41.11°S 52.30°W
city	Kalisat	Cahaya		4708	1187	1.5750	107.5115	1.57°N 107.51°E
city	Kalynyn	Rudania		3067	2178	11.3250	30.5091	11.32°N 30.51°E
city	Kamabuchi	Nichirin		2851	511	39.5700	125.2826	39.57°N 125.28°E
city	Kamassa	Hollosend		1832	3347	12.3150	-52.6550	12.31°N 52.65°W
city	Kambamettu	Arunya		3762	4849	-39.1650	-57.7338	39.16°S 57.73°W
city	Kamenetsk	Giathka		3603	1946	6.7650	53.7502	6.76°N 53.75°E
city	Kamengrad	Rudania		3133	1837	15.4500	46.9376	15.45°N 46.94°E
city	Kamennaya	Rudania		3320	1440	18.6000	71.0924	18.60°N 71.09°E
city	Kameshki	Rudania		3151	1824	15.3750	48.0121	15.37°N 48.01°E
city	Kamfa	Tonkin		4084	818	16.4700	119.9266	16.47°N 119.93°E
city	Kamkatska	Rudania		1929	1297	41.6100	35.2635	41.61°N 35.26°E
city	Kämyrvi	Karjania		3070	2066	12.9600	35.1869	12.96°N 35.19°E
city	Kandanavolu	Arunya		3681	4782	-36.9450	-56.0305	36.95°S 56.03°W
city	Kandang	Guandong		3245	689	30.9900	116.9497	30.99°N 116.95°E
city	Kanderun	Selmira		3663	3283	-14.1900	13.5338	14.19°S 13.53°E
city	Kanduru	Arunya		3545	4738	-34.2450	-57.7724	34.24°S 57.77°W
city	Kanegahara	Mizuho		1501	4442	0.8550	-89.0762	0.85°N 89.08°W
city	Kaplan	Perovska		3606	1614	11.7000	68.6897	11.70°N 68.69°E
city	Karashar	Selmira		3389	3267	-9.8400	4.1093	9.84°S 4.11°E
city	Karazakan	Nozhnorstan		3508	1386	16.5900	78.0466	16.59°N 78.05°E
city	Karhatak	Arunya		3671	4625	-34.4400	-46.3607	34.44°S 46.36°W
city	Kariston	Hollosend		1472	3594	14.0100	-75.3968	14.01°N 75.40°W
city	Karlsberg	Alemannia		3021	2726	3.7950	9.2396	3.79°N 9.24°E
city	Karlsheim	Ponurvia		1044	3026	28.9500	-87.6560	28.95°N 87.66°W
city	Karpagó	Auritania		1469	4109	6.3300	-85.1918	6.33°N 85.19°W
city	Karpagó	Reino		2684	3029	4.3050	-10.8699	4.30°N 10.87°W
city	Karsbrück	Ponurvia		1202	2810	29.8200	-72.1436	29.82°N 72.14°W
city	Kartov	Sidanya		3260	2307	6.4950	30.8137	6.50°N 30.81°E
city	Kasantina	Barbary		2877	3076	0.7050	-6.0171	0.70°N 6.02°W
city	Kaseki	Perovska		3629	1691	10.2000	65.5714	10.20°N 65.57°E
city	Kasil	Seignid		3848	555	23.9550	134.6218	23.96°N 134.62°E
city	Kasovice	Nitravia		3175	2516	4.6350	20.8434	4.63°N 20.84°E
city	Kastala	Reino		2799	3017	2.7600	-6.7469	2.76°N 6.75°W
city	Kastama	Selmira		3551	3122	-10.0950	14.4960	10.09°S 14.50°E
city	Kaukásos	Auritania		1509	3834	9.8550	-78.3268	9.86°N 78.33°W
city	Kawaoka	Nichirin		2822	555	39.3450	120.8351	39.34°N 120.84°E
city	Kazarsary	Rudania		3461	2006	7.9950	47.9056	8.00°N 47.91°E
city	Kedawung	Cahaya		4674	1300	0.3900	101.6605	0.39°N 101.66°E
city	Keigaku	Nichirin		2721	658	39.3150	109.8964	39.31°N 109.90°E
city	Keimori	Nichirin		2445	811	41.1600	90.3317	41.16°N 90.33°E
city	Kelesina	Selmira		3734	3160	-13.4100	20.2350	13.41°S 20.24°E
city	Kema	Furan		3780	574	24.6900	132.5402	24.69°N 132.54°E
city	Kemena	Cahaya		4525	1209	3.9900	104.0949	3.99°N 104.09°E
city	Kenanga	Cahaya		4396	1279	4.8750	98.8652	4.87°N 98.87°E
city	Kerambitan	Cahaya		4752	1134	1.7100	110.6422	1.71°N 110.64°E
city	Kereman	Selmira		3589	3268	-12.8550	11.2347	12.85°S 11.23°E
city	Kermaneon	Recolotta		3176	4859	-30.5250	-76.4035	30.52°S 76.40°W
city	Kernbeldu	Axerfreditenshin		3201	1250	23.2350	78.8991	23.23°N 78.90°E
city	Ketābshahr	Varahmehr		4206	3700	-28.5900	22.2472	28.59°S 22.25°E
city	Ketéréh	Cahaya		4497	1234	4.0350	102.4847	4.03°N 102.48°E
city	Kevan	Tonkin		4166	841	14.8950	119.5327	14.89°N 119.53°E
city	Kevberos	Selmira		3442	3153	-8.9250	9.6244	8.92°S 9.62°E
city	Keynes	Hollosend		2114	3601	4.2750	-46.8346	4.27°N 46.83°W
city	Khandesh	Arunya		3787	4631	-36.2700	-42.4121	36.27°S 42.41°W
city	Khandkyapur	Arunya		3838	4796	-39.5100	-51.2299	39.51°S 51.23°W
city	Kharigrav	Giathka		3703	1748	8.2350	64.5570	8.23°N 64.56°E
city	Khod	Perovska		3548	1470	14.7300	74.5397	14.73°N 74.54°E
city	Khuramawa	Divia		4001	3411	-21.1800	23.1473	21.18°S 23.15°E
city	Kichwabai	Aztekische Islands		1113	4052	12.5250	-102.4240	12.52°N 102.42°W
city	Kingsmouth	Thule		2680	2534	11.7900	5.0403	11.79°N 5.04°E
city	Kinidosa	Calveria		1683	2852	21.9750	-46.3991	21.97°N 46.40°W
city	Kirfjord	Skjarnland		2696	2271	15.4950	15.4017	15.49°N 15.40°E
city	Kiricizem	Giathka		3757	2011	3.4800	54.4868	3.48°N 54.49°E
city	Kiriya-Muguli	Arunya		3597	4723	-34.8000	-55.0761	34.80°S 55.08°W
city	Kirmaşan	Divia		3973	3366	-20.0850	23.4413	20.08°S 23.44°E
city	Kirsbucht	Dammerung Islands		364	2424	48.1800	-132.9986	48.18°N 133.00°W
city	Kis-Brasso	Uj-Pannonia		4231	5086	-49.7550	-57.3612	49.75°S 57.36°W
city	Kjellberg	Skjarnland		2826	2424	11.2500	13.7829	11.25°N 13.78°E
city	Kjellshaven	Alemannia		2914	2542	8.1600	12.2727	8.16°N 12.27°E
city	Klagenhafen	Alemannia		3159	2662	2.6850	15.3685	2.68°N 15.37°E
city	Klastorgrod	Uj-Pannonia		4245	5054	-49.4850	-53.9134	49.48°S 53.91°W
city	Klonslava	Slytlia		3346	2395	3.8850	29.8171	3.88°N 29.82°E
city	Kochōrin	Nichirin		2832	611	38.3550	116.1139	38.35°N 116.11°E
city	Koganehama	Kinshū		3141	5608	-41.2350	-136.5918	41.23°S 136.59°W
city	Koimburu	Arunya		3551	4807	-35.3700	-62.0758	35.37°S 62.08°W
city	Kokshitav	Rudania		3264	1707	15.4350	56.3790	15.44°N 56.38°E
city	Kolama	Arunya		3493	4813	-34.5900	-64.3205	34.59°S 64.32°W
city	Kolapura	Noradia		3907	4857	-41.4600	-52.8430	41.46°S 52.84°W
city	Kolavanta	Arunya		3650	4638	-34.3200	-47.9095	34.32°S 47.91°W
city	Kolkutta	West Bangala		4044	5059	-46.5450	-63.0652	46.55°S 63.07°W
city	Kolmar	Alemannia		2947	2675	5.6700	8.7086	5.67°N 8.71°E
city	Kommodorefels	Kogelland		2478	5269	-26.2050	-118.1237	26.20°S 118.12°W
city	Koneka	Rudania		3249	2106	9.6750	38.4202	9.67°N 38.42°E
city	Koperników	Eivorie		3034	2464	7.5300	18.6613	7.53°N 18.66°E
city	Korake	Selmira		3548	3307	-12.8250	8.4315	12.82°S 8.43°E
city	Kōrihama	Nichirin		2773	728	37.4850	105.1414	37.48°N 105.14°E
city	Korkai	Arunya		3518	4865	-35.7450	-67.0335	35.74°S 67.03°W
city	Korolevskygorod	Giathka		3886	1818	4.4400	65.2595	4.44°N 65.26°E
city	Korvane	Calveria		1807	3095	16.4700	-47.2950	16.47°N 47.29°W
city	Korybuschevsky	Rudania		3140	2110	11.2500	35.3143	11.25°N 35.31°E
city	Köseln	Alemannia		2971	2475	8.3100	16.3937	8.31°N 16.39°E
city	Kōshū	Nichirin		2896	534	38.5500	123.9534	38.55°N 123.95°E
city	Kosigoda	Arunya		3533	4763	-34.4400	-59.7732	34.44°S 59.77°W
city	Kota	Noradia		4073	4947	-45.3000	-52.7919	45.30°S 52.79°W
city	Kotel	Rudania		3153	2004	12.6450	40.1047	12.64°N 40.10°E
city	Kotyora	Selmira		3705	3106	-12.1650	20.7786	12.17°S 20.78°E
city	Koutaissi	East Kaukasos		3476	2345	2.6850	34.9734	2.68°N 34.97°E
city	Kovichi	Arunya		3504	4796	-34.5000	-62.8541	34.50°S 62.85°W
city	Kovno	Livonia		3028	2355	9.2550	22.5042	9.26°N 22.50°E
city	Koyban	East Kaukasos		3599	2359	0.6300	37.4622	0.63°N 37.46°E
city	Kozukata	Nichirin		2276	785	44.0850	87.6772	44.09°N 87.68°E
city	Kräkenhafen	Ponurvia		1169	2721	31.6500	-71.8149	31.65°N 71.81°W
city	Krasnopol	Giathka		3679	1761	8.4000	63.4632	8.40°N 63.46°E
city	Krasnysk	Rudania		3096	1419	22.2750	66.8571	22.28°N 66.86°E
city	Kresów	Eivorie		3135	2445	6.3000	22.2581	6.30°N 22.26°E
city	Kristalinsk	Giathka		3718	1907	5.6250	57.9520	5.63°N 57.95°E
city	Krizomenya	Nozhnorstan		3507	1358	17.0250	79.5108	17.02°N 79.51°E
city	Królewice	Eivorie		3111	2511	5.6700	19.2102	5.67°N 19.21°E
city	Krzyżakowo	Eivorie		3000	2403	8.9550	19.8890	8.95°N 19.89°E
city	Ku	Axerfreditenshin		3354	808	27.5700	110.1105	27.57°N 110.11°E
city	Kucing	Cahaya		4558	1274	2.5200	101.3580	2.52°N 101.36°E
city	Kuhestan	Varahmehr		4180	3738	-28.7700	19.4904	28.77°S 19.49°E
city	Kuittijärvi	Karjania		3007	2112	13.2150	31.4710	13.21°N 31.47°E
city	Kulun	Axerfreditenshin		3151	976	28.0950	94.8631	28.09°N 94.86°E
city	Kumbaya	Southeast Aphirica		3221	4086	-19.6050	-33.1771	19.60°S 33.18°W
city	Kurǎpol	Slytlia		3268	2508	3.3600	23.6842	3.36°N 23.68°E
city	Kurazaki	Nichirin		2337	745	43.7700	92.9786	43.77°N 92.98°E
city	Kurchask	Rudania		3222	2233	8.1750	32.6343	8.17°N 32.63°E
city	Kureha	Hōrai		4162	5120	-49.2300	-63.4437	49.23°S 63.44°W
city	Kurglin	Rudania		3183	1776	15.6150	51.0708	15.62°N 51.07°E
city	Kurogawa	Nichirin		2615	899	37.2900	87.8998	37.29°N 87.90°E
city	Kurozuyama	Nichirin		2543	817	39.6000	92.4643	39.60°N 92.46°E
city	Kuryk	Perovska		3601	1635	11.4600	67.5859	11.46°N 67.59°E
city	Kusune	Hōrai		4122	5063	-47.7750	-60.1705	47.77°S 60.17°W
city	Kut	Divia		4012	3569	-23.7150	18.0448	23.71°S 18.04°E
city	Kuybyshev	Rudania		3239	2025	11.0400	41.5122	11.04°N 41.51°E
city	Kyakhta	Perovska		3584	1586	12.4500	69.5629	12.45°N 69.56°E
city	Kyzyl-Perovsk	Rudania		3581	1787	9.4800	60.1565	9.48°N 60.16°E
city	L'Assomption de Marie	The Verdanie		2224	4761	-14.7750	-91.0588	14.77°S 91.06°W
city	La Capilla	Costaserá		2546	3072	5.7300	-16.8530	5.73°N 16.85°W
city	La Conception	The Verdanie		2211	4713	-13.8600	-88.7234	13.86°S 88.72°W
city	La Concorde	The Verdanie		2290	4942	-18.4800	-100.1174	18.48°S 100.12°W
city	La Fraternelle	The Verdanie		2148	4708	-12.8400	-89.5801	12.84°S 89.58°W
city	La Fromagerie	The Verdanie		2238	4888	-16.8900	-97.8662	16.89°S 97.87°W
city	La Plate	The Verdanie		2379	5043	-21.3300	-104.7444	21.33°S 104.74°W
city	La Torre	Hollosend		1988	3508	7.5600	-49.7817	7.56°N 49.78°W
city	Lacan-Pier	Seignid		3802	715	22.2450	123.0153	22.25°N 123.02°E
city	Lachaven	Auritania		1371	4016	9.1950	-88.3794	9.20°N 88.38°W
city	Lachaven	Reino		2725	2862	6.1950	-4.4138	6.20°N 4.41°W
city	Lada	Cahaya		4683	1318	-0.0150	100.9668	0.01°S 100.97°E
city	Lagras	Côte de Saumon		2410	3758	-2.5200	-41.6049	2.52°S 41.60°W
city	Lakisi	Ponurvia		948	3073	29.6850	-95.1256	29.68°N 95.13°W
city	Lampam	Cahaya		4627	1300	1.0950	101.0393	1.09°N 101.04°E
city	Långdalshamn	Spetsbergen		2539	1904	23.3550	25.7259	23.35°N 25.73°E
city	Lánkon	East Kaukasos		3618	2271	1.6650	41.1717	1.66°N 41.17°E
city	Lannahechee	Calveria		1749	3000	18.7650	-47.4163	18.77°N 47.42°W
city	Laodicea	Selmira		3659	3296	-14.3250	12.9514	14.32°S 12.95°E
city	Lapsikan	Seignid		3950	868	17.7300	115.1432	17.73°N 115.14°E
city	Le Crotale	The Verdanie		2332	4718	-15.7500	-86.7636	15.75°S 86.76°W
city	Lebaron	E.S.U.		2079	3193	10.9200	-38.0349	10.92°N 38.03°W
city	Leclerc	Arverne		3086	2853	0.9150	7.0618	0.91°N 7.06°E
city	Leetown	Hollosend		1805	3502	10.3950	-57.5579	10.39°N 57.56°W
city	Lefkoşa	Selmira		3613	3317	-13.9500	10.5089	13.95°S 10.51°E
city	Lemesos	Selmira		3599	3340	-14.0850	9.2116	14.08°S 9.21°E
city	Lemoyes	Arverne		2908	2839	3.7950	2.1611	3.79°N 2.16°E
city	Lenkurt	Reino		2685	2831	7.2600	-4.7643	7.26°N 4.76°W
city	Lenkurt	Auritania		1129	3816	15.8250	-97.8079	15.82°N 97.81°W
city	Leonidgrad	Giathka		3693	1803	7.5600	61.8996	7.56°N 61.90°E
city	Lerekya	Slytlia		3318	2528	2.3100	24.3243	2.31°N 24.32°E
city	Les Bambouières	The Verdanie		2360	4948	-19.6200	-99.2839	19.62°S 99.28°W
city	Lesser Bracetara	Calveria		1627	3129	18.6600	-56.8461	18.66°N 56.85°W
city	Leuwen	Alemannia		2879	2632	7.3350	8.0675	7.33°N 8.07°E
city	Lianchong	Guandong		3196	652	32.2800	119.0021	32.28°N 119.00°E
city	Libaca	Livonia		2956	2363	10.2150	20.0677	10.21°N 20.07°E
city	Liberta	E.S.U.		1830	3225	14.1750	-49.6736	14.18°N 49.67°W
city	Liévres	Arverne		2944	2705	5.2650	7.6155	5.26°N 7.62°E
city	Liezfurt	Alemannia		3007	2589	6.0600	13.4453	6.06°N 13.45°E
city	Ligor	Cahaya		4419	1199	5.7300	103.1684	5.73°N 103.17°E
city	Liguma	Vicilian North Aphirica		3086	3955	-15.6150	-31.5426	15.62°S 31.54°W
city	Lijiakou	Furan		3689	525	26.7900	135.1495	26.79°N 135.15°E
city	Limpany	Hollosend		1594	3395	15.1650	-64.9790	15.16°N 64.98°W
city	Linden	Alemannia		3110	2626	3.9600	15.1883	3.96°N 15.19°E
city	Lindenford	Hollosend		1765	3740	7.4250	-64.5777	7.42°N 64.58°W
city	Lintala	Seignid		3801	506	25.3950	137.7061	25.39°N 137.71°E
city	Lišaćkovo	Polabiny		3448	2308	3.6600	35.6498	3.66°N 35.65°E
city	Lissavre	Arverne		2902	2733	5.4750	5.3984	5.48°N 5.40°E
city	Litova	Morozia		1564	1963	37.0950	-20.3629	37.09°N 20.36°W
city	Liwu	Furan		3348	527	31.8750	131.0400	31.88°N 131.04°E
city	Liyue	Guandong		3181	594	33.3750	123.3536	33.38°N 123.35°E
city	Lobotomir	Sidanya		3312	2254	6.5100	34.2149	6.51°N 34.21°E
city	Loidham	Elvester		2834	2681	7.2750	4.9937	7.27°N 4.99°E
city	Longaw	Seignid		3772	679	23.2350	125.0820	23.23°N 125.08°E
city	Longyuan	Furan		3698	474	27.4200	139.0988	27.42°N 139.10°E
city	Los Ángeles	Auritania		1220	3898	13.2300	-94.1852	13.23°N 94.19°W
city	Los Niños	Reino		2658	2815	7.9050	-5.1635	7.91°N 5.16°W
city	Los Ranchos	Auritania		1221	3789	14.8500	-92.2635	14.85°N 92.26°W
city	Losquet	Recolotta		3313	4914	-33.4050	-76.3795	33.40°S 76.38°W
city	Lovatogorod	Rudania		3043	2240	10.7550	27.3595	10.75°N 27.36°E
city	Luala	Seignid		3860	470	25.0500	140.9238	25.05°N 140.92°E
city	Lucas	Auritania		1035	3740	18.3750	-101.9686	18.38°N 101.97°W
city	Lugan	Hollosend		1993	3522	7.2750	-49.9039	7.27°N 49.90°W
city	Lugeck	Rudania		3278	2183	8.0850	36.0923	8.08°N 36.09°E
city	Lugenpier	Alemannia		3096	2775	1.9350	9.8416	1.94°N 9.84°E
city	Luimnick	Elvester		2744	2685	8.5650	1.9562	8.56°N 1.96°E
city	Lujiang	Furan		3386	526	31.3200	131.5951	31.32°N 131.60°E
city	Lushan	Guandong		3477	646	28.1550	123.5945	28.15°N 123.59°E
city	Lusol	Arverne		2839	2938	3.3450	-3.0846	3.35°N 3.08°W
city	Lutèce	Arverne		2897	2772	4.9650	3.9690	4.96°N 3.97°E
city	Luviania	Vicily		3107	2951	-0.8700	4.7257	0.87°S 4.73°E
city	Luzilbourg	Arverne		2972	2719	4.6350	8.0021	4.63°N 8.00°E
city	Luzou	Seignid		3909	814	19.1550	117.9547	19.15°N 117.95°E
city	Lycopolis	Kemet		3530	3537	-16.0050	-0.2554	16.00°S 0.26°W
city	Lydahisar	Selmira		3460	3244	-10.5600	7.3414	10.56°S 7.34°E
city	Lyndermere	Hollosend		2196	3670	2.0100	-45.2301	2.01°N 45.23°W
city	Lyonara	Arverne		2989	2828	2.7450	4.9819	2.75°N 4.98°E
city	Lyubechna	Nozhnorstan		3574	1358	16.0200	80.8759	16.02°N 80.88°E
city	Maasvik	Adelsköldland		1473	2305	33.3300	-39.6400	33.33°N 39.64°W
city	Macandé	South Pelagonia		2715	5283	-29.9700	-115.5022	29.97°S 115.50°W
city	Macé	The Verdanie		2572	4553	-16.8750	-73.1446	16.88°S 73.14°W
city	Madinat Al-Dosser	Divia		4057	3689	-26.1900	15.5712	26.19°S 15.57°E
city	Madre Bosque	Reino		2680	2969	5.2650	-9.2087	5.26°N 9.21°W
city	Maestra	Reino		2693	3008	4.4850	-9.9456	4.48°N 9.95°W
city	Magdelstein	Alemannia		2979	2580	6.6150	12.9196	6.61°N 12.92°E
city	Magnitsk	Rudania		3255	1895	12.7500	47.5340	12.75°N 47.53°E
city	Mahakam	Cahaya		4618	1123	3.8850	109.5802	3.88°N 109.58°E
city	Mahapattana	Arunya		3373	4890	-33.9450	-73.0693	33.95°S 73.07°W
city	Maia-Kalais	Seignid		3969	576	21.8250	134.3762	21.82°N 134.38°E
city	Maintal	Alemannia		2977	2687	5.0400	9.2161	5.04°N 9.22°E
city	Makinohara	Nichirin		2545	649	42.0900	106.8503	42.09°N 106.85°E
city	Makovi	Sidanya		3237	2264	7.4850	31.8378	7.48°N 31.84°E
city	Maktan	Cahaya		4588	997	6.2250	115.7350	6.22°N 115.74°E
city	Malakka	Reino		2623	3026	5.2650	-12.8412	5.26°N 12.84°W
city	Malibor	Vicily		3152	2950	-1.5300	6.1648	1.53°S 6.16°E
city	Maliwadi	Arunya		3777	4603	-35.7000	-41.0718	35.70°S 41.07°W
city	Malmhug	Skjarnland		2932	2478	8.8500	15.1054	8.85°N 15.11°E
city	Malobu	Seignid		4048	888	15.9600	115.2350	15.96°N 115.24°E
city	Manbavi	Arunya		3708	4554	-33.9300	-40.7384	33.93°S 40.74°W
city	Manceshire	Elvester		2821	2691	7.3200	4.2453	7.32°N 4.25°E
city	Mangapura	Arunya		3565	4711	-34.1400	-55.3921	34.14°S 55.39°W
city	Manito	Hollosend		1696	3187	16.7550	-54.9621	16.75°N 54.96°W
city	Mannenheim	Alemannia		3008	2696	4.4400	9.8457	4.44°N 9.85°E
city	Mantova	Vicily		2982	2923	1.4250	1.7985	1.42°N 1.80°E
city	Manukan	Cahaya		4626	978	5.9400	117.1734	5.94°N 117.17°E
city	Manyabas	Seignid		4029	869	16.5300	116.1290	16.53°N 116.13°E
city	Manzanita	Hollosend		1425	3316	18.8850	-71.7950	18.88°N 71.79°W
city	Maplestone	E.S.U.		2047	3164	11.8350	-38.5838	11.83°N 38.58°W
city	Marakaya	Hollosend		1511	3704	11.7750	-75.6932	11.78°N 75.69°W
city	Maraş	Selmira		3668	3230	-13.4700	15.4528	13.47°S 15.45°E
city	Maravento	Vicilian North Aphirica		2833	3895	-10.9200	-36.2595	10.92°S 36.26°W
city	Marienhafen	Kogelland		2103	5188	-19.3650	-117.9231	19.36°S 117.92°W
city	Marijnovo	Nozhnorstan		3539	904	23.3550	106.7522	23.35°N 106.75°E
city	Marilé	The Verdanie		2381	4617	-14.9700	-80.4638	14.97°S 80.46°W
city	Marintov	Sidanya		3178	2430	5.8800	24.0086	5.88°N 24.01°E
city	Marnelui	Dämmerung Islands		884	2643	37.0950	-89.7703	37.09°N 89.77°W
city	Marrowby	Hollosend		1979	3703	4.7700	-54.6146	4.77°N 54.61°W
city	Marston	Elvester		2722	2668	9.1500	1.8033	9.15°N 1.80°E
city	Martelon	Arverne		3023	2887	1.3500	4.1421	1.35°N 4.14°E
city	Marzbān	Varahmehr		4036	3615	-24.7650	17.4247	24.76°S 17.42°E
city	Massilia	Arverne		2981	2889	1.9500	2.8211	1.95°N 2.82°E
city	Matara	South Pelagonia		2803	5270	-31.0950	-113.0787	31.09°S 113.08°W
city	Mathare	Arunya		3537	4857	-35.9100	-65.8902	35.91°S 65.89°W
city	Matsumoto	Nichirin		2828	721	36.7650	106.8639	36.76°N 106.86°E
city	Matsuumi	Nichirin		2684	656	39.9000	109.2934	39.90°N 109.29°E
city	Maverick	Hollosend		1480	3481	15.5850	-72.6023	15.58°N 72.60°W
city	Mayasuru	Arunya		3564	4774	-35.0700	-59.4757	35.07°S 59.48°W
city	Maybore	Hollosend		1967	3567	6.9900	-52.0419	6.99°N 52.04°W
city	Mayombo	Cahaya		4505	1005	7.3500	114.3376	7.35°N 114.34°E
city	Maython	E.S.U.		2061	3051	13.3200	-34.8592	13.32°N 34.86°W
city	Mayza	Selmira		3634	3305	-14.0850	11.7012	14.08°S 11.70°E
city	Mazaca	Selmira		3632	3207	-12.5850	14.8227	12.58°S 14.82°E
city	McFarlane	Hollosend		1378	3356	18.9900	-75.2091	18.99°N 75.21°W
city	Medinina	Vicily		2965	3202	-2.5050	-7.3136	2.50°S 7.31°W
city	Médouris	Côte de Saumon		2813	3843	-9.8400	-34.6931	9.84°S 34.69°W
city	Mehrāvar	Varahmehr		4118	3679	-26.9550	18.8009	26.95°S 18.80°E
city	Meiembipé	The Verdanie		2476	4770	-18.6900	-86.8574	18.69°S 86.86°W
city	Melcarta	East Astriya		3244	3136	-5.7000	3.4591	5.70°S 3.46°E
city	Melden	Ponurvia		1124	2866	30.1500	-78.5865	30.15°N 78.59°W
city	Melidene	Selmira		3709	3202	-13.6650	17.9328	13.66°S 17.93°E
city	Memlyn	Livonia		2981	2375	9.6600	20.3659	9.66°N 20.37°E
city	Memphipolis	Kemet		3560	3444	-15.0600	4.1793	15.06°S 4.18°E
city	Mempolis	Hollosend		1706	3322	14.5800	-57.8520	14.58°N 57.85°W
city	Mengechar	East Kaukasos		3544	2284	2.5800	38.9156	2.58°N 38.92°E
city	Mengshan	Furan		3354	575	31.0650	127.3148	31.07°N 127.31°E
city	Menisku	Rudania		3091	2324	8.7750	25.4958	8.78°N 25.50°E
city	Mentari	Cahaya		4547	1290	2.4450	100.4386	2.44°N 100.44°E
city	Menteşe	Selmira		3418	3320	-11.0700	3.3523	11.07°S 3.35°E
city	Mercer	Hollosend		1396	3394	18.1500	-75.0814	18.15°N 75.08°W
city	Merkez	Selmira		3594	3225	-12.2850	12.8199	12.28°S 12.82°E
city	Mersky	Rudania		3020	1913	16.0050	40.3933	16.00°N 40.39°E
city	Mesagozza	Vicily		3054	3151	-3.0750	-3.0129	3.07°S 3.01°W
city	Meshkavitsk	Giathka		3700	1775	7.8750	63.2877	7.88°N 63.29°E
city	Mesonia	Hollosend		1698	3452	12.7500	-61.3049	12.75°N 61.30°W
city	Mêsul	Divia		3861	3293	-17.3100	21.0978	17.31°S 21.10°E
city	Mettis	Arverne		2988	2737	4.1250	7.8917	4.13°N 7.89°E
city	Mianling	Furan		3743	822	21.5250	115.1763	21.52°N 115.18°E
city	Midorimori	Kinshū		2978	5451	-36.4350	-124.6542	36.43°S 124.65°W
city	Mierny Kras	Polabiny		3522	2173	4.5750	42.6374	4.57°N 42.64°E
city	Mikawahara	Nichirin		2561	829	39.1500	91.9646	39.15°N 91.96°E
city	Millesani	E.S.U.		1931	2957	16.6800	-37.7823	16.68°N 37.78°W
city	Milovsk	Giathka		3628	1751	9.3150	62.8109	9.31°N 62.81°E
city	Ming'an	Guandong		3345	634	30.3150	122.6389	30.31°N 122.64°E
city	Minggan	Guandong		3313	630	30.8550	122.4803	30.85°N 122.48°E
city	Mira-Jo	Recolotta		3368	4843	-33.1650	-70.0713	33.16°S 70.07°W
city	Mirantibus	Ponurvia		1269	3080	24.7650	-74.9552	24.76°N 74.96°W
city	Miro	Morozia		1543	2203	33.8100	-31.7138	33.81°N 31.71°W
city	Misono	Ryūgu		3476	3870	-20.1900	-15.2385	20.19°S 15.24°W
city	Misurata	Vicily		3072	3242	-4.7100	-5.3816	4.71°S 5.38°W
city	Mitau	Livonia		3026	2296	10.1700	24.6900	10.17°N 24.69°E
city	Mizuhara	Nichirin		2899	675	36.3900	112.0090	36.39°N 112.01°E
city	Moana	Salishia		1324	2572	31.5600	-57.6591	31.56°N 57.66°W
city	Mogeyov	Rudania		3113	2297	8.8500	27.1497	8.85°N 27.15°E
city	Mohonon	Shivon		3654	3466	-16.8000	6.9344	16.80°S 6.93°E
city	Mokissos	Selmira		3592	3196	-11.8200	13.6761	11.82°S 13.68°E
city	Molotovska	Rudania		3060	1892	15.7200	42.4556	15.72°N 42.46°E
city	Mont-de-Vue	The Verdanie		2411	5025	-21.5400	-103.0938	21.54°S 103.09°W
city	Mont-Maldon	The Verdanie		2446	5019	-21.9750	-102.1257	21.97°S 102.13°W
city	Montbach	Kogelland		2229	5277	-22.5900	-122.0828	22.59°S 122.08°W
city	Monte Claro	Hollosend		1607	3673	10.8000	-70.4318	10.80°N 70.43°W
city	Montemayor	Auritania		1430	3818	11.2800	-81.9055	11.28°N 81.91°W
city	Montero	Auritania		1458	3953	8.8350	-82.9976	8.83°N 83.00°W
city	Montevello	Hollosend		1450	3522	15.4200	-75.0121	15.42°N 75.01°W
city	Montlionne	Barbary		2641	3043	4.7400	-12.7305	4.74°N 12.73°W
city	Moonstone	Calveria		1780	3068	17.2800	-47.8218	17.28°N 47.82°W
city	Moose Pen	E.S.U.		2293	3066	9.6150	-25.9638	9.61°N 25.96°W
city	Moreno	Hollosend		1794	3570	9.5400	-59.5973	9.54°N 59.60°W
city	Morensk	Sidanya		3375	2284	5.1150	34.7022	5.11°N 34.70°E
city	Moriguchi	Nichirin		2944	672	35.7600	113.0973	35.76°N 113.10°E
city	Morozinsk	Giathka		3766	1782	6.7800	64.3691	6.78°N 64.37°E
city	Morrisville	Hollosend		1835	3505	9.9000	-56.2921	9.90°N 56.29°W
city	Morskorel	Rudania		3159	1962	13.1850	42.0738	13.18°N 42.07°E
city	Mostagneau	Barbary		2666	3038	4.4400	-11.7391	4.44°N 11.74°W
city	Moynaq	Perovska		3615	1553	12.4800	71.8189	12.48°N 71.82°E
city	Muere	Reino		2598	2989	6.1950	-12.5971	6.20°N 12.60°W
city	Mundar	Noradia		4058	4982	-45.6000	-56.1892	45.60°S 56.19°W
city	Munggu	Cahaya		4482	1331	2.8050	97.5710	2.80°N 97.57°E
city	Murmánska	Karjania		2684	2032	19.2600	24.8855	19.26°N 24.89°E
city	Mürrental	Alemannia		3077	2678	3.6750	12.4796	3.67°N 12.48°E
city	Mursa	Vicily		3160	2980	-2.1000	5.5290	2.10°S 5.53°E
city	Myer-Lee	Recolotta		3327	4827	-32.3100	-70.2028	32.31°S 70.20°W
city	Mytileneia	E.S.U.		2059	3100	12.6150	-36.3210	12.61°N 36.32°W
city	Naagura	Arunya		3867	4768	-39.5250	-48.1961	39.52°S 48.20°W
city	Naasike	Arunya		3754	4582	-35.0400	-40.6769	35.04°S 40.68°W
city	Nadelberg	Ponurvia		1071	3165	26.4600	-88.9802	26.46°N 88.98°W
city	Nadezgorod	Rudania		2897	1893	18.1500	37.7286	18.15°N 37.73°E
city	Nagatani	Nichirin		2525	745	40.9500	97.9817	40.95°N 97.98°E
city	Naginomiya	Nichirin		2858	569	38.5950	120.2276	38.59°N 120.23°E
city	Nagoniara	Gonenite Islands		4398	726	13.1400	128.9930	13.14°N 128.99°E
city	Nakhljān	Varahmehr		4119	3533	-24.7800	24.2594	24.78°S 24.26°E
city	Namiura	Nichirin		2845	606	38.2350	116.7835	38.23°N 116.78°E
city	Namnetac	Arverne		2837	2821	5.1300	0.5090	5.13°N 0.51°E
city	Namosain	Cahaya		4738	1097	2.4750	112.3188	2.47°N 112.32°E
city	Nanan	Axerfreditenshin		3391	863	26.1900	106.9676	26.19°N 106.97°E
city	Nandigrama	Arunya		3770	4697	-37.0050	-47.2290	37.00°S 47.23°W
city	Nangke	Seignid		3823	615	23.4300	130.1127	23.43°N 130.11°E
city	Nantingou	Côte de Saumon		2453	3807	-3.9000	-42.4599	3.90°S 42.46°W
city	Nanyang	Guandong		3213	617	32.5500	122.0052	32.55°N 122.01°E
city	Naqissuserpaa	E.S.U.		1992	2910	16.4700	-33.7087	16.47°N 33.71°W
city	Nara	Cahaya		4574	1057	5.5350	112.4241	5.53°N 112.42°E
city	Narbask	Hollosend		1904	3586	7.6500	-55.1475	7.65°N 55.15°W
city	Narbel	Reino		2732	2895	5.5950	-5.2141	5.59°N 5.21°W
city	Narovsky	Karjania		2923	2232	12.6750	24.1280	12.67°N 24.13°E
city	Nascara	Hollosend		1790	3310	13.5000	-53.6471	13.50°N 53.65°W
city	Nashun	Seignid		3771	742	22.3050	120.8110	22.30°N 120.81°E
city	Nassirya	Divia		3986	3499	-22.2750	19.4153	22.28°S 19.42°E
city	Nasyptsk	Rudania		2938	1940	16.8300	36.8266	16.83°N 36.83°E
city	Naucano	Hollosend		2020	3414	8.4900	-46.1759	8.49°N 46.18°W
city	Nauhcampa	Auritania		1297	3907	11.9400	-90.2767	11.94°N 90.28°W
city	Nawi	Cahaya		4392	1178	6.4500	103.8636	6.45°N 103.86°E
city	Ndorena	Vicilian North Aphirica		2864	3975	-12.5850	-38.7483	12.58°S 38.75°W
city	Neapolis	Vicily		3037	3106	-2.1450	-2.1205	2.15°S 2.12°W
city	Neaveville	Hollosend		1597	3467	14.0400	-66.4692	14.04°N 66.47°W
city	Neerkalamburu	Arunya		3394	4823	-33.2550	-67.9937	33.25°S 67.99°W
city	Neigawa	Nichirin		2671	674	39.8250	107.4619	39.82°N 107.46°E
city	Nerungrad	Rudania		2659	1088	33.7950	75.4684	33.79°N 75.47°E
city	Neu-Arburg	Ponurvia		1272	2827	28.5150	-68.2849	28.51°N 68.28°W
city	Neu-Catamburg	Ponurvia		1184	2767	30.7350	-72.1185	30.73°N 72.12°W
city	Neu-Klagenhafen	Dämmerung Islands		838	2624	38.0700	-92.8596	38.07°N 92.86°W
city	Neu-Nürbrecht	Divia		3948	3471	-21.2850	18.7426	21.28°S 18.74°E
city	Neu-Prauvenberg	Kogelland		2357	5214	-23.5650	-116.1120	23.56°S 116.11°W
city	Neu-Rendorf	Ponurvia		1207	2752	30.6150	-70.2450	30.61°N 70.25°W
city	New Barcino	Hollosend		1701	3555	11.1600	-63.4932	11.16°N 63.49°W
city	New Blackwater	Hollosend		1468	3119	21.1950	-64.7874	21.20°N 64.79°W
city	New Colter	Hollosend		1441	3138	21.3150	-66.7089	21.31°N 66.71°W
city	New Colter	Salishia		1450	2564	29.7900	-49.9552	29.79°N 49.96°W
city	New Holsatia	Thule		2476	2688	12.5400	-7.3896	12.54°N 7.39°W
city	New Providence	Hollosend		2018	3754	3.4200	-54.1372	3.42°N 54.14°W
city	New Shefford	E.S.U.		2104	3231	9.9750	-38.0244	9.97°N 38.02°W
city	New Talhuanca	E.S.U.		1901	3119	14.7000	-43.6733	14.70°N 43.67°W
city	New Valentine	Salishia		1303	2678	30.2850	-62.1703	30.28°N 62.17°W
city	New Winscor	Hollosend		1851	3523	9.3900	-56.0030	9.39°N 56.00°W
city	Nexus	E.S.U.		2059	3236	10.5750	-40.0113	10.57°N 40.01°W
city	Niamé-sur-Saharienne	Côte de Saumon		2496	3718	-3.2100	-38.0159	3.21°S 38.02°W
city	Nidaros	Skjarnland		2738	2358	13.5600	13.4223	13.56°N 13.42°E
city	Niemilinna	Kullanmaan		2133	3966	-1.4850	-55.9126	1.48°S 55.91°W
city	Niitsu	Nichirin		2524	709	41.5050	101.0517	41.51°N 101.05°E
city	Nikolaevsk	Rudania		3263	1813	13.8600	51.4184	13.86°N 51.42°E
city	Nikonya	Selmira		3618	3130	-11.2200	16.7251	11.22°S 16.73°E
city	Nimdallr	Skjarnland		2774	2497	10.9350	9.4593	10.94°N 9.46°E
city	Nishikino	Nichirin		2950	684	35.4900	112.2400	35.49°N 112.24°E
city	Nizamnagar	Arunya		3735	4623	-35.3700	-43.8880	35.37°S 43.89°W
city	Nizhegorod	Rudania		3108	2070	12.3300	36.0834	12.33°N 36.08°E
city	Nizuc	Auritania		1425	4007	8.5200	-85.5596	8.52°N 85.56°W
city	Nobata	Nichirin		2765	782	36.7950	100.6315	36.79°N 100.63°E
city	Nongcheng	Furan		3443	426	31.9650	140.3619	31.96°N 140.36°E
city	Nora-Dos	Recolotta		3352	4885	-33.5550	-73.3298	33.55°S 73.33°W
city	Noradia City	Noradia		3957	5019	-44.6400	-63.2143	44.64°S 63.21°W
city	Norcombe	Elvester		2868	2708	6.3600	5.1650	6.36°N 5.16°E
city	North Bay	Salishia		1370	2493	32.0550	-52.3272	32.05°N 52.33°W
city	Northgate	E.S.U.		2028	3252	10.8000	-41.7273	10.80°N 41.73°W
city	Noungu	Côte de Saumon		2429	3748	-2.6550	-40.7728	2.65°S 40.77°W
city	Nourabad	Varahmehr		4109	3642	-26.2650	19.7835	26.26°S 19.78°E
city	Nouveau-Breast	South Pelagonia		2604	5218	-27.3300	-112.6185	27.33°S 112.62°W
city	Nouvelle-Havre	Barbary		2624	3225	2.2650	-18.4955	2.26°N 18.50°W
city	Novokamen	Giathka		3796	1949	3.8250	57.8695	3.82°N 57.87°E
city	Novomurmursk	Axerfreditenshin		3169	1114	25.7550	86.3647	25.75°N 86.36°E
city	Novospatrya	Rudania		3142	1467	20.8650	65.4155	20.86°N 65.42°E
city	Novotessa	Giathka		3623	1949	6.4200	54.0775	6.42°N 54.08°E
city	Nowgorod	Karjania		2978	2187	12.5250	27.5663	12.52°N 27.57°E
city	Noxara	Hollosend		1851	3330	12.2850	-51.3839	12.28°N 51.38°W
city	Nozan	Hollosend		1670	3424	13.5900	-61.9788	13.59°N 61.98°W
city	Nueva Legona	Hollosend		1577	3765	9.8700	-73.7252	9.87°N 73.73°W
city	Nueva Segovia	Hollosend		1575	3687	11.0700	-72.2463	11.07°N 72.25°W
city	Nuevo Hammerford	Auritania		1095	3863	15.6300	-100.4921	15.63°N 100.49°W
city	Nuevo Refugio	Reino		2687	2903	6.1500	-6.9553	6.15°N 6.96°W
city	Nuevo Refugio	Auritania		1153	3764	16.2450	-95.5827	16.24°N 95.58°W
city	Nugolefa	New Celyddon		4149	377	22.1100	150.0133	22.11°N 150.01°E
city	Nuna	E.S.U.		2010	3038	14.2800	-36.6561	14.28°N 36.66°W
city	Nuova Fiorentina	Vicily		3127	3193	-4.8000	-2.0915	4.80°S 2.09°W
city	Nürbrecht	Alemannia		3043	2651	4.5900	12.3920	4.59°N 12.39°E
city	Nürntal	Ponurvia		1149	2827	30.3600	-75.9658	30.36°N 75.97°W
city	Nussbaum	Ponurvia		1115	3229	24.8400	-87.5967	24.84°N 87.60°W
city	Oakridge	Hollosend		1411	3646	14.1450	-79.5531	14.14°N 79.55°W
city	Obangia	Vicilian North Aphirica		2896	4114	-15.1500	-43.9359	15.15°S 43.94°W
city	Odanta	Noradia		3953	4869	-42.3300	-51.8817	42.33°S 51.88°W
city	Oderfurt	Alemannia		2969	2503	7.9200	15.3289	7.92°N 15.33°E
city	Odessos	East Astriya		3351	3127	-7.1700	7.3017	7.17°S 7.30°E
city	Odryssa	East Astriya		3280	3160	-6.6000	3.8849	6.60°S 3.88°E
city	Ognechist	Rudania		3146	1935	13.7850	42.9010	13.78°N 42.90°E
city	Ojén	Reino		2653	2934	6.1950	-9.0532	6.20°N 9.05°W
city	Ojo de Águila	Auritania		1290	4040	10.0500	-92.8705	10.05°N 92.87°W
city	Okasumi	Kinshū		3058	5648	-40.5900	-141.5301	40.59°S 141.53°W
city	Okotsk	Rudania		2019	1307	40.1100	38.5328	40.11°N 38.53°E
city	Okrug	Karjania		2917	2012	16.0650	33.0493	16.06°N 33.05°E
city	Olisipo	Hollosend		1807	3397	11.9400	-54.9962	11.94°N 55.00°W
city	Olivock	Sidanya		3338	2342	4.8000	31.5634	4.80°N 31.56°E
city	Olryretsk	Rudania		3120	2014	12.9900	38.7768	12.99°N 38.78°E
city	Olyekanej	Nozhnorstan		3549	1186	18.9750	89.8289	18.97°N 89.83°E
city	Olympia	Salishia		1357	2560	31.2450	-55.2821	31.25°N 55.28°W
city	Omilpan	Auritania		1179	3937	13.2600	-97.0367	13.26°N 97.04°W
city	Omirtsk	Rudania		3184	1634	17.7300	57.9078	17.73°N 57.91°E
city	Oreslavl	Rudania		3150	2155	10.4250	33.7606	10.43°N 33.76°E
city	Orillas	Reino		2539	2969	7.3800	-14.0523	7.38°N 14.05°W
city	Orlovsk	Giathka		3937	1813	3.7500	66.4904	3.75°N 66.49°E
city	Örnström	Nordstjärneö		1485	2277	33.5700	-37.8947	33.57°N 37.89°W
city	Ortygia	E.S.U.		2100	3141	11.3850	-35.7527	11.38°N 35.75°W
city	Orumieh	East Kaukasos		3633	2366	0.0150	38.0163	0.01°N 38.02°E
city	Oscair	Elvester		2750	2606	9.6600	4.8394	9.66°N 4.84°E
city	Oske	Rudania		3124	2085	11.8650	35.9032	11.87°N 35.90°E
city	Österhamn	Skjarnland		2842	2429	10.9350	14.1036	10.94°N 14.10°E
city	Östra	Skjarnland		2788	2316	13.4400	16.6458	13.44°N 16.65°E
city	Ostrau	Alemannia		3118	2537	5.1750	18.4934	5.17°N 18.49°E
city	Ostrig	E.S.U.		1945	3132	13.8450	-42.0839	13.84°N 42.08°W
city	Ōtase	Nichirin		2691	628	40.2150	111.8831	40.21°N 111.88°E
city	Ouberabé	The Verdanie		2397	4528	-13.8750	-75.5823	13.87°S 75.58°W
city	Outnia	Calveria		1835	3110	15.8250	-46.4105	15.82°N 46.41°W
city	Owanjila	Hollosend		1400	3258	20.1300	-71.7991	20.13°N 71.80°W
city	Ozerinsk	Giathka		3640	1870	7.3500	57.8221	7.35°N 57.82°E
city	Palos Verdes	Costaserá		2593	3066	5.1150	-15.0451	5.11°N 15.05°W
city	Pamali	Cahaya		4671	1289	0.6000	102.1409	0.60°N 102.14°E
city	Pandavagram	Arunya		3640	4599	-33.5850	-45.8974	33.59°S 45.90°W
city	Panorama	Vicily		3021	3115	-2.0400	-2.8854	2.04°S 2.89°W
city	Paotai	Guandong		3038	639	34.8450	117.4381	34.84°N 117.44°E
city	Parabilaran	Seignid		3988	601	21.1650	132.8525	21.16°N 132.85°E
city	Paraliton	Hollosend		1725	3514	11.4150	-61.4659	11.41°N 61.47°W
city	Parata	Arunya		3554	4895	-36.7350	-67.9752	36.73°S 67.98°W
city	Parish Rapids	Hollosend		1597	3557	12.6900	-68.4517	12.69°N 68.45°W
city	Passance	Arverne		3018	2745	3.5550	8.5268	3.56°N 8.53°E
city	Passe-Profond	The Verdanie		2389	4817	-18.0900	-91.1640	18.09°S 91.16°W
city	Pato	Hollosend		1512	3806	10.2300	-77.6457	10.23°N 77.65°W
city	Patria	Vicily		3171	3283	-6.8100	-3.6351	6.81°S 3.64°W
city	Payahan	Cahaya		4557	982	6.9150	116.1762	6.92°N 116.18°E
city	Pěčín	Polabiny		3426	2041	7.9950	45.6009	8.00°N 45.60°E
city	Peggano	Vicily		3196	3104	-4.5000	2.9053	4.50°S 2.91°E
city	Pélyes	Genosa		3223	2616	2.4150	18.7121	2.41°N 18.71°E
city	Penance	Salishia		1394	2657	29.2350	-56.1195	29.23°N 56.12°W
city	Pengcheng	Guandong		3235	596	32.5350	123.9937	32.53°N 123.99°E
city	Pérana	The Verdanie		2249	4984	-18.4950	-103.2725	18.49°S 103.27°W
city	Perangat	Cahaya		4551	1092	5.3550	110.3349	5.35°N 110.33°E
city	Pergamis	Hollosend		1923	3332	11.1750	-48.2626	11.17°N 48.26°W
city	Perisapora	Divia		3890	3399	-19.3350	18.7603	19.34°S 18.76°E
city	Perlemeer	Ponurvia		1147	3229	24.3600	-85.6399	24.36°N 85.64°W
city	Permarello	Recolotta		3313	4882	-32.9250	-74.2234	32.92°S 74.22°W
city	Permskoye	Rudania		2309	951	41.1000	74.9816	41.10°N 74.98°E
city	Perona	Karjania		2936	2291	11.5950	22.2116	11.60°N 22.21°E
city	Perskam	Ponurvia		1144	3094	26.4300	-82.8221	26.43°N 82.82°W
city	Pestelliére	Arverne		2943	2901	2.3400	1.2936	2.34°N 1.29°E
city	Petani	Cahaya		4461	1223	4.7400	102.5405	4.74°N 102.54°E
city	Petarovo	Polabiny		3606	2158	3.5400	45.2186	3.54°N 45.22°E
city	Petrilovzhka	Nozhnorstan		3521	1329	17.2500	81.3526	17.25°N 81.35°E
city	Petrovskaya	Giathka		3919	1833	3.7200	65.2782	3.72°N 65.28°E
city	Pezan	Rudania		3205	2095	10.5000	37.6981	10.50°N 37.70°E
city	Pierrefitte	The Verdanie		2158	4583	-11.1150	-83.0006	11.11°S 83.00°W
city	Pierres	The Verdanie		2430	4782	-18.1800	-88.4211	18.18°S 88.42°W
city	Pietari	Karjania		2929	2205	12.9900	25.3837	12.99°N 25.38°E
city	Pilzbrück	Alemannia		3063	2606	4.9650	14.5105	4.96°N 14.51°E
city	Pingbang	Furan		3485	813	25.5300	111.9032	25.53°N 111.90°E
city	Pingtong	Guandong		3258	545	32.9550	128.4092	32.95°N 128.41°E
city	Pinkan	Seignid		3996	739	18.9750	123.8141	18.97°N 123.81°E
city	Playa del Climene	Auritania		1416	4034	8.2500	-86.4661	8.25°N 86.47°W
city	Pleasance	Hollosend		1626	3467	13.6050	-65.0658	13.61°N 65.07°W
city	Plimuth	Elvester		2777	2779	6.6600	-0.0648	6.66°N 0.06°W
city	Pochang	Guandong		3273	664	30.9450	119.2837	30.94°N 119.28°E
city	Poddol̂e	Polabiny		3511	2229	3.9000	40.2021	3.90°N 40.20°E
city	Pointe-Épaisse	The Verdanie		2404	4692	-16.4400	-83.9804	16.44°S 83.98°W
city	Pomorźie	Polabiny		3566	2160	4.1100	44.1984	4.11°N 44.20°E
city	Port Chinook	Salishia		1345	2590	30.9750	-56.9504	30.97°N 56.95°W
city	Port Columbia	Salishia		1394	2535	31.0650	-52.2728	31.07°N 52.27°W
city	Port Gabéra	South Pelagonia		2681	5296	-29.6550	-117.0022	29.65°S 117.00°W
city	Port Lox	Recolotta		3134	4978	-31.6800	-85.3704	31.68°S 85.37°W
city	Port Mercer	Salishia		1373	2581	30.6900	-54.9924	30.69°N 54.99°W
city	Port of Muscovite	E.S.U.		2239	3143	9.2700	-30.2341	9.27°N 30.23°W
city	Port-de-Joie	The Verdanie		2445	4868	-19.6950	-93.0531	19.69°S 93.05°W
city	Port-de-Orssier	Napolyon Bonparterre Islands		4406	500	16.4100	143.3102	16.41°N 143.31°E
city	Porta Ferrata	Vicily		3028	3223	-3.7650	-6.1054	3.76°S 6.11°W
city	Postupim	Polabiny		3446	2156	5.9700	41.4495	5.97°N 41.45°E
city	Prabhavati	Arunya		3769	4684	-36.7950	-46.4336	36.79°S 46.43°W
city	Pradera	Hollosend		1649	3602	11.2350	-66.9472	11.23°N 66.95°W
city	Prauvenberg	Alemannia		3063	2581	5.3400	15.3721	5.34°N 15.37°E
city	Pravdinsk	Giathka		3723	2030	3.7050	52.9706	3.71°N 52.97°E
city	Près-Ange	The Verdanie		2490	4661	-17.2650	-80.5898	17.26°S 80.59°W
city	Pribalhashstroy	Rudania		3457	1603	14.1000	65.9526	14.10°N 65.95°E
city	Pris	Hollosend		1786	3359	12.8250	-55.0321	12.82°N 55.03°W
city	Pristinia	East Astriya		3323	3115	-6.5700	6.7314	6.57°S 6.73°E
city	Prudentiale	The Verdanie		2345	4625	-14.5500	-81.5905	14.55°S 81.59°W
city	Pueblo del Prosperidad	Auritania		1311	3706	14.7450	-85.9278	14.74°N 85.93°W
city	Puerta de Testudera	Hollosend		1782	3639	8.6850	-61.6602	8.68°N 61.66°W
city	Puerta Waiyana	Hollosend		1738	3687	8.6250	-64.6673	8.63°N 64.67°W
city	Puerto Arvory	Reino		2637	2850	7.6950	-6.9874	7.69°N 6.99°W
city	Puerto Delgado	Reino		2324	3199	7.1550	-28.5171	7.15°N 28.52°W
city	Pulzind	E.S.U.		1973	3179	12.7200	-42.1351	12.72°N 42.14°W
city	Purushottamkshetra	Noradia		3946	5023	-44.5350	-63.9591	44.54°S 63.96°W
city	Puszczyn	Eivorie		3085	2399	7.7400	22.5164	7.74°N 22.52°E
city	Putai	Guandong		3133	631	33.5400	119.6493	33.54°N 119.65°E
city	Puvani	Arunya		3709	4603	-34.6800	-43.6334	34.68°S 43.63°W
city	Puyuan	Furan		3457	427	31.7400	140.4222	31.74°N 140.42°E
city	Pyrgos	East Astriya		3351	3152	-7.5450	6.5163	7.54°S 6.52°E
city	Qamişlo	Divia		3798	3261	-15.8850	19.5628	15.88°S 19.56°E
city	Qasr-e Tājir	Varahmehr		4016	3715	-25.9650	12.6915	25.96°S 12.69°E
city	Qers	Selmira		3872	3128	-15.0000	26.7840	15.00°S 26.78°E
city	Qingliu	Guandong		3426	586	29.8200	127.4177	29.82°N 127.42°E
city	Qingyang	Furan		3626	658	25.7400	124.7059	25.74°N 124.71°E
city	Qingzhou	Furan		3374	473	32.2950	135.7369	32.30°N 135.74°E
city	Qulunam	Axerfreditenshin		3371	873	26.3400	105.9472	26.34°N 105.95°E
city	Qusu	Axerfreditenshin		3231	795	29.6100	108.9121	29.61°N 108.91°E
city	Rabba	Shivon		3680	3426	-16.5900	9.3421	16.59°S 9.34°E
city	Racotis	Kemet		3546	3388	-14.0100	5.6139	14.01°S 5.61°E
city	Radagorsk	Rudania		3105	2158	11.0550	32.3884	11.05°N 32.39°E
city	Rāhgozar	Varahmehr		4307	3814	-31.8150	22.8770	31.82°S 22.88°E
city	Rajawali	Cahaya		4556	1283	2.4150	100.8974	2.41°N 100.90°E
city	Rajora	Noradia		4023	4994	-45.2550	-58.5920	45.25°S 58.59°W
city	Ramsapolis	Kemet		3537	3477	-15.2100	2.1661	15.21°S 2.17°E
city	Randstadt	Alemannia		2883	2675	6.6300	6.7362	6.63°N 6.74°E
city	Ranpua	Dämmerung Islands		921	2680	35.9850	-87.9256	35.98°N 87.93°W
city	Rassvetin	Rudania		3221	1922	12.8550	45.4637	12.85°N 45.46°E
city	Ratnapur	Arunya		3738	4695	-36.4950	-48.2927	36.49°S 48.29°W
city	Rautaniemi	Karjania		2748	2146	16.5900	22.1414	16.59°N 22.14°E
city	Ravenford	Hollosend		1894	3674	6.4800	-57.5431	6.48°N 57.54°W
city	Rayachooru	Arunya		3683	4749	-36.4800	-53.7780	36.48°S 53.78°W
city	Recolotta City	Recolotta		2997	5133	-31.9500	-99.3488	31.95°S 99.35°W
city	Redville	Hollosend		2035	3328	9.5550	-43.3974	9.55°N 43.40°W
city	Reedbank	Recolotta		3128	4859	-29.8050	-77.6427	29.80°S 77.64°W
city	Reighfyl	Hollosend		1463	3506	15.4650	-74.0068	15.46°N 74.01°W
city	Reisawa	Nichirin		2562	781	39.8550	95.8959	39.85°N 95.90°E
city	Reizaki	Nichirin		2365	700	44.0250	97.7814	44.02°N 97.78°E
city	Rejóna	Reino		2373	3373	3.8100	-31.3261	3.81°N 31.33°W
city	Remaire	Arverne		2946	2747	4.6050	6.2919	4.61°N 6.29°E
city	Rembulan	Cahaya		4566	1307	1.9050	99.8842	1.90°N 99.88°E
city	Renaix-sur-Veldt	South Pelagonia		2683	5231	-28.7100	-112.2467	28.71°S 112.25°W
city	Renedon	Arverne		2825	2804	5.5650	0.6715	5.56°N 0.67°E
city	Reno-lan	Recolotta		3031	5109	-32.1000	-96.9016	32.10°S 96.90°W
city	Reqa	Divia		3751	3298	-15.7350	16.4694	15.73°S 16.47°E
city	Rětny	Slytlia		3353	2514	1.9950	25.7406	2.00°N 25.74°E
city	Reykawick	Thule		2683	2581	11.0400	3.4878	11.04°N 3.49°E
city	Ricewall	Elvester		2793	2775	6.4800	0.5819	6.48°N 0.58°E
city	Richeville	The Verdanie		2270	4774	-15.6600	-90.9443	15.66°S 90.94°W
city	Ricomonte	Hollosend		2035	3595	5.5500	-49.8757	5.55°N 49.88°W
city	Riege	Livonia		2958	2320	10.8300	21.7582	10.83°N 21.76°E
city	Riluo	Guandong		3149	598	33.7950	122.5460	33.79°N 122.55°E
city	Rio Esmeralda	Hollosend		1968	3596	6.5400	-52.6671	6.54°N 52.67°W
city	Rive-de-Janvier	The Verdanie		2518	4592	-16.6500	-76.3436	16.65°S 76.34°W
city	Rive-Haute	The Verdanie		2358	4928	-19.2900	-98.1332	19.29°S 98.13°W
city	Rive-Rapide	The Verdanie		2370	4641	-15.1650	-81.9363	15.16°S 81.94°W
city	Riveren City	E.S.U.		2131	3101	11.5200	-33.3716	11.52°N 33.37°W
city	Riverfront	Salishia		1393	2546	30.9150	-52.6885	30.91°N 52.69°W
city	Rivière-Noire	The Verdanie		2430	4574	-15.0600	-77.2458	15.06°S 77.25°W
city	Rizzana	Vicily		3179	3120	-4.4850	1.8628	4.48°S 1.86°E
city	Roanoke	Hollosend		1673	3300	15.4050	-58.8900	15.40°N 58.89°W
city	Robbenboden	Verwustung Islands		4610	4967	-53.6550	-26.5208	53.65°S 26.52°W
city	Rödingen	Ponurvia		1210	2797	29.8950	-71.2902	29.89°N 71.29°W
city	Rodos	Selmira		3355	3280	-9.5250	2.5163	9.52°S 2.52°E
city	Rohu	Seignid		3930	855	18.2250	115.6740	18.22°N 115.67°E
city	Römpöla	Karjania		2896	2300	12.0600	20.6467	12.06°N 20.65°E
city	Rongzhou	Furan		3769	863	20.5200	112.9275	20.52°N 112.93°E
city	Rośe	E.S.U.		2245	2956	11.9850	-24.6068	11.98°N 24.61°W
city	Rosenveldt	Ponurvia		1129	2772	31.4850	-75.8113	31.48°N 75.81°W
city	Rosthaven	Alemannia		2929	2520	8.2650	13.5107	8.26°N 13.51°E
city	Rosthollow	Hollosend		1998	3752	3.7500	-54.9078	3.75°N 54.91°W
city	Roudanjärvi	Karjania		2914	2254	12.4800	22.9876	12.48°N 22.99°E
city	Rudnogorsk	Rudania		3275	1831	13.4100	50.9048	13.41°N 50.90°E
city	Rusćine	Arverne		2918	2971	1.6650	-1.6200	1.66°N 1.62°W
city	Ruscow	Sidanya		3298	2334	5.5200	30.8097	5.52°N 30.81°E
city	Ruzhev	Perovska		3729	1631	9.6000	70.4552	9.60°N 70.46°E
city	Ryōgaku	Nichirin		2913	750	35.0550	106.2899	35.05°N 106.29°E
city	Saalegiri	Arunya		3566	4836	-36.0300	-63.5353	36.03°S 63.54°W
city	Sabalay	Seignid		4000	658	20.1300	129.1456	20.13°N 129.15°E
city	Sabzavar	Varahmehr		4051	3535	-23.7900	21.0421	23.79°S 21.04°E
city	Sadegna	Vicily		3166	3038	-3.0600	3.9752	3.06°S 3.98°E
city	Saderno	Vicily		3064	2996	-0.9000	2.0606	0.90°S 2.06°E
city	Sadet	Skjarnland		2817	2298	13.2750	18.2639	13.27°N 18.26°E
city	Safasso	Vicily		2980	3150	-1.9500	-5.2129	1.95°S 5.21°W
city	Ságă	Polabiny		3472	2294	3.5100	36.7742	3.51°N 36.77°E
city	Sagimino	Nichirin		2636	646	40.7700	109.1408	40.77°N 109.14°E
city	Sagramundel	Ponurvia		1164	2793	30.6450	-74.1016	30.64°N 74.10°W
city	Sahagalli	Arunya		3667	4651	-34.7700	-48.1043	34.77°S 48.10°W
city	Sahara City	E.S.U.		2152	3222	9.3900	-35.8392	9.39°N 35.84°W
city	Saikarsk	Rudania		3436	1913	9.7650	51.2507	9.76°N 51.25°E
city	Saint-Charles	The Verdanie		2417	4598	-15.2250	-78.7523	15.22°S 78.75°W
city	Saint-Georges	South Pelagonia		2579	5265	-27.6600	-116.3330	27.66°S 116.33°W
city	Saint-Jean-de-Rive-Noir	The Verdanie		2387	4573	-14.4000	-78.0714	14.40°S 78.07°W
city	Saint-Jean-des-Champs	The Verdanie		2489	4613	-16.5300	-78.0563	16.53°S 78.06°W
city	Saint-Marie	The Verdanie		2374	4865	-18.5850	-94.1777	18.58°S 94.18°W
city	Saint-Paul	The Verdanie		2477	4635	-16.6800	-79.4681	16.68°S 79.47°W
city	Sakez	East Kaukasos		3680	2364	-0.6600	39.7717	0.66°S 39.77°E
city	Sala Majorca	Costaserá		2449	3050	7.5150	-19.6727	7.51°N 19.67°W
city	Saladique	Hollosend		1588	3705	10.6050	-71.9932	10.61°N 71.99°W
city	Salamat	Seignid		4054	438	22.6200	144.8976	22.62°N 144.90°E
city	Salira	Sidanya		3272	2262	6.9900	32.8515	6.99°N 32.85°E
city	Salish City	Salishia		1320	2625	30.8250	-59.5437	30.82°N 59.54°W
city	Salvada	Reino		2784	2969	3.7050	-5.7883	3.71°N 5.79°W
city	Salvetino	Vicily		3047	3117	-2.4600	-2.1590	2.46°S 2.16°W
city	Salvina	Hollosend		1938	3336	10.8900	-47.7133	10.89°N 47.71°W
city	Salzgruven	Ponurvia		1318	2881	27.0150	-67.0017	27.01°N 67.00°W
city	Salzquell	Alemannia		3105	2653	3.6300	14.1299	3.63°N 14.13°E
city	San Bonifacio	Auritania		1503	4079	6.2700	-83.0670	6.27°N 83.07°W
city	San Cristobal	Hollosend		1539	3619	12.6300	-72.5863	12.63°N 72.59°W
city	San Damiano	Vicilian North Aphirica		2867	3850	-10.7550	-33.4923	10.75°S 33.49°W
city	San Isidoro	Hollosend		1768	3603	9.4350	-61.4969	9.43°N 61.50°W
city	San Luis	Auritania		1193	3761	15.6900	-93.3064	15.69°N 93.31°W
city	San Mateo	Auritania		1393	3758	12.7350	-82.6441	12.74°N 82.64°W
city	San Pablo	Auritania		1594	4241	2.4750	-81.6555	2.47°N 81.66°W
city	Sandspitze	Kogelland		2652	5368	-30.3000	-122.8342	30.30°S 122.83°W
city	Sang-e Sefid	Varahmehr		4070	3424	-22.4100	25.8056	22.41°S 25.81°E
city	Sangde	Guandong		3021	715	33.9600	111.1028	33.96°N 111.10°E
city	Sankt Franz-Josenthal	Ponurvia		1122	2795	31.2450	-76.8803	31.25°N 76.88°W
city	Sankt Michell	Albatrossinseln		3655	2967	-9.3300	23.0271	9.33°S 23.03°E
city	Sanogród	Eivorie		3159	2472	5.5350	21.9606	5.53°N 21.96°E
city	Sanshan	Guandong		3312	710	29.6700	116.4495	29.67°N 116.45°E
city	Santa Alejandra	Auritania		1333	3996	10.0650	-89.9493	10.06°N 89.95°W
city	Santa Gabriella	Vicily		2954	3174	-1.9200	-6.7439	1.92°S 6.74°W
city	Santa María	Auritania		1527	3900	8.5950	-78.7065	8.60°N 78.71°W
city	Santa Marisol	Costaserá		2367	3076	8.3550	-23.4466	8.36°N 23.45°W
city	Santa Verena	Hollosend		1971	3558	7.0650	-51.6658	7.06°N 51.67°W
city	Santiago	Auritania		1450	4021	7.9350	-84.5878	7.93°N 84.59°W
city	Santiago del Valle	Hollosend		1617	3658	10.8750	-69.6455	10.87°N 69.65°W
city	Sanzhen	Furan		3576	674	26.2500	122.9082	26.25°N 122.91°E
city	Sarocaba	The Verdanie		2450	4634	-16.2600	-79.9675	16.26°S 79.97°W
city	Satsuno	Nichirin		2221	859	43.8000	79.5974	43.80°N 79.60°E
city	Sattarapur	Arunya		3686	4614	-34.5000	-45.1459	34.50°S 45.15°W
city	Saucoté	Côte de Saumon		2586	3751	-5.0550	-37.0298	5.05°S 37.03°W
city	Saulensk	Livonia		2999	2345	9.8400	22.0284	9.84°N 22.03°E
city	Sauravalli	Arunya		3707	4685	-35.8800	-48.7916	35.88°S 48.79°W
city	Sawbone	Hollosend		1729	3229	15.6300	-54.4574	15.63°N 54.46°W
city	Scheinfurt	Ponurvia		1306	3070	24.3600	-72.5594	24.36°N 72.56°W
city	Schevock	Sidanya		3161	2336	7.5450	27.0147	7.54°N 27.01°E
city	Scopana	Vicily		3188	3151	-5.0850	1.1765	5.08°S 1.18°E
city	Sébastopol	East Kaukasos		3418	2373	3.1350	32.4814	3.13°N 32.48°E
city	Sehnda	E.S.U.		2215	3044	11.1150	-28.3742	11.11°N 28.37°W
city	Seinal	Hollosend		1712	3656	9.4800	-65.1863	9.48°N 65.19°W
city	Seitou	Kinshū		3004	5503	-37.6050	-128.7776	37.60°S 128.78°W
city	Sekiringaku	Nichirin		2971	795	33.5100	104.0042	33.51°N 104.00°E
city	Seleucia	Selmira		3596	3306	-13.5300	10.2393	13.53°S 10.24°E
city	Semarre	Divia		3885	3359	-18.6600	19.9075	18.66°S 19.91°E
city	Seneja	Cahaya		4670	1354	-0.3600	99.8795	0.36°S 99.88°E
city	Sennanur	Arunya		3641	4895	-38.0400	-65.1617	38.04°S 65.16°W
city	Sennino Miasto	Polabiny		3452	2276	4.0800	36.9553	4.08°N 36.96°E
city	Senshima	Nichirin		2708	604	40.3200	114.3478	40.32°N 114.35°E
city	Serapat	Cahaya		4653	1226	1.8150	104.9260	1.81°N 104.93°E
city	Serenidad	Auritania		1465	4051	7.2600	-84.3872	7.26°N 84.39°W
city	Serenidad	Reino		2594	2958	6.7200	-11.8012	6.72°N 11.80°W
city	Serra Nova	Hollosend		1959	3556	7.2750	-52.1233	7.27°N 52.12°W
city	Setoi	Cahaya		4690	1176	2.0100	107.8282	2.01°N 107.83°E
city	Severomilsk	Giathka		3669	1714	9.2550	65.3725	9.26°N 65.37°E
city	Sëwas	Selmira		3640	3162	-12.0300	16.5525	12.03°S 16.55°E
city	Shanggang	Guandong		3268	529	33.0450	129.8446	33.05°N 129.84°E
city	Shanli	Furan		3391	499	31.6500	133.8201	31.65°N 133.82°E
city	Shefford	Elvester		2835	2697	7.0200	4.4902	7.02°N 4.49°E
city	Shengshui	Furan		3497	594	28.6350	127.7292	28.63°N 127.73°E
city	Shengyang	Furan		3492	702	27.0900	119.7425	27.09°N 119.74°E
city	Shengyuan	Furan		3611	795	23.9100	115.0431	23.91°N 115.04°E
city	Shestsyeminsk	Rudania		3144	2024	12.4800	39.0093	12.48°N 39.01°E
city	Shevestria	Hollosend		1769	3464	11.5050	-58.3031	11.50°N 58.30°W
city	Shib'a	Shivon		3646	3416	-15.9300	8.3840	15.93°S 8.38°E
city	Shichidaika	Nichirin		2557	792	39.7650	94.8641	39.77°N 94.86°E
city	Shikisen	Nichirin		2844	698	36.8700	109.0570	36.87°N 109.06°E
city	Shimizu	Nichirin		2794	579	39.4050	118.2034	39.41°N 118.20°E
city	Shimonosaki	Nichirin		2962	638	36.0000	116.2000	36.00°N 116.20°E
city	Shin-Chukyo	Ryūgu		3447	3894	-20.1150	-17.2698	20.11°S 17.27°W
city	Shinanose	Nichirin		2409	730	42.9150	96.2791	42.91°N 96.28°E
city	Shinkeisei	Nichirin		2434	674	43.3800	101.9305	43.38°N 101.93°E
city	Shinoshima	Kinshū		3093	5652	-41.1750	-141.5115	41.17°S 141.51°W
city	Shioshino	Nichirin		2558	718	40.8600	101.0989	40.86°N 101.10°E
city	Shiroyama	Nichirin		2798	675	37.9050	110.0317	37.91°N 110.03°E
city	Shisheng	Furan		3532	733	26.0250	118.1290	26.02°N 118.13°E
city	Shivamukha	Arunya		3610	4701	-34.6650	-53.2339	34.66°S 53.23°W
city	Shiwane	Hōrai		4089	5128	-48.2550	-67.2009	48.25°S 67.20°W
city	Shiyi	Guandong		3175	697	31.9200	115.1963	31.92°N 115.20°E
city	Shizuhata	Nichirin		2493	656	42.7650	105.0048	42.77°N 105.00°E
city	Shizumisaki	Kinshū		2937	5555	-37.3800	-134.3330	37.38°S 134.33°W
city	Shōbuchi	Nichirin		2806	623	38.5650	114.5932	38.56°N 114.59°E
city	Shompolahti	Frederikka Islands		4486	1553	-0.5850	88.5657	0.58°S 88.57°E
city	Shushabad	Varahmehr		4277	3774	-30.7650	22.9273	30.76°S 22.93°E
city	Shuzhou	Guandong		3374	650	29.6400	121.8489	29.64°N 121.85°E
city	Siak	Cahaya		4482	1315	3.0450	98.3371	3.04°N 98.34°E
city	Sibaleuz	Rudania		3128	1868	15.0600	45.3963	15.06°N 45.40°E
city	Sibirskaya	Giathka		3705	1881	6.2100	58.7755	6.21°N 58.78°E
city	Sidoréjo	Cahaya		4692	1246	0.9300	104.4594	0.93°N 104.46°E
city	Siegerdenkmal	Ponurvia		1085	2983	28.9800	-83.9823	28.98°N 83.98°W
city	Sikov	Rudania		2987	2239	11.6100	25.7635	11.61°N 25.76°E
city	Sile	Kemet		3555	3629	-17.7600	-2.7658	17.76°S 2.77°W
city	Silemani	Divia		3928	3326	-18.8100	22.8319	18.81°S 22.83°E
city	Sillóng	Uj-Pannonia		4188	5114	-49.5300	-61.7791	49.53°S 61.78°W
city	Silurière	The Verdanie		2466	4622	-16.3200	-79.0065	16.32°S 79.01°W
city	Silvastria	Hollosend		1978	3384	9.5700	-47.1988	9.57°N 47.20°W
city	Simbirsk	Rudania		3194	2031	11.6250	40.0651	11.62°N 40.07°E
city	Simhapuri	Arunya		3680	4888	-38.5200	-63.3566	38.52°S 63.36°W
city	Simpanssilahti	Kullanmaan		2150	3892	-0.6300	-52.6284	0.63°S 52.63°W
city	Sineşehir	Selmira		3597	3082	-10.1850	17.4215	10.18°S 17.42°E
city	Singal	Divia		3897	3329	-18.3900	21.4160	18.39°S 21.42°E
city	Singhnagar	Noradia		3890	4860	-41.2500	-53.7231	41.25°S 53.72°W
city	Sinopia	E.S.U.		2122	3164	10.7100	-35.4824	10.71°N 35.48°W
city	Sipin	Cahaya		4553	1329	1.7700	98.6603	1.77°N 98.66°E
city	Sitifa	Barbary		2842	3077	1.2150	-7.1465	1.21°N 7.15°W
city	Siyahkaya	Selmira		3496	3231	-10.9050	9.0461	10.91°S 9.05°E
city	Siyezda	Rudania		3171	1362	22.0050	71.8332	22.00°N 71.83°E
city	Slavagrad	Rudania		3066	2100	12.5100	33.6585	12.51°N 33.66°E
city	Snegorod	Rudania		3082	1835	16.2450	45.6498	16.24°N 45.65°E
city	Soboltsk	Rudania		3079	1717	18.0600	51.1176	18.06°N 51.12°E
city	Sokol	Rudania		3174	2227	8.9850	31.5608	8.98°N 31.56°E
city	Solano	Hollosend		1985	3608	6.1050	-52.2331	6.10°N 52.23°W
city	Solorsk	Rudania		3316	1907	11.6550	48.5583	11.65°N 48.56°E
city	Sombáthar	Alemannia		3174	2616	3.1500	17.3472	3.15°N 17.35°E
city	Somerdale	Calveria		1822	3000	17.6700	-43.9735	17.67°N 43.97°W
city	Spaletta	Vicily		3069	3041	-1.6500	0.8557	1.65°S 0.86°E
city	Speskan	Rudania		2764	1638	23.9700	46.0427	23.97°N 46.04°E
city	Stalia	Vicily		2963	2953	1.2600	0.3043	1.26°N 0.30°E
city	Starfell	E.S.U.		2072	3276	9.7800	-40.5236	9.78°N 40.52°W
city	Stil̂a	Polabiny		3402	2262	5.0400	36.2288	5.04°N 36.23°E
city	Stirsgrad	Sidanya		3262	2340	5.9700	29.6251	5.97°N 29.63°E
city	Stjärnvik	Skjarnland		2851	2520	9.4350	11.0929	9.43°N 11.09°E
city	Stóll	Reino		2574	3013	6.1950	-14.1435	6.20°N 14.14°W
city	Stonebridge	Hollosend		1867	3638	7.4250	-57.9074	7.42°N 57.91°W
city	Stovsk	Morozia		1660	1936	36.0600	-13.8154	36.06°N 13.82°W
city	Strålholm	Skjarnland		2895	2320	11.7750	19.8466	11.78°N 19.85°E
city	Strawberry	Hollosend		1451	3263	19.2900	-69.1896	19.29°N 69.19°W
city	Sturnheim	Alemannia		3032	2707	3.9150	10.1934	3.91°N 10.19°E
city	Styropol	Rudania		3226	2019	11.3250	41.4223	11.32°N 41.42°E
city	Suague	Auritania		1513	3912	8.6250	-79.5982	8.63°N 79.60°W
city	Subrotira	Vicily		3182	3009	-2.8650	5.3606	2.86°S 5.36°E
city	Suchester	Elvester		2809	2569	9.3300	8.0327	9.33°N 8.03°E
city	Sudakov	Sidanya		3197	2306	7.4550	29.1441	7.45°N 29.14°E
city	Suifeng	Guandong		3502	633	27.9750	124.8900	27.97°N 124.89°E
city	Súkíta	Reino		2762	3027	3.1650	-8.2398	3.16°N 8.24°W
city	Sultanönü	Selmira		3479	3206	-10.2750	9.2455	10.27°S 9.25°E
city	Sumerajima	Nichirin		3036	657	34.6050	115.9545	34.60°N 115.95°E
city	Summi	E.S.U.		1989	3072	14.0850	-38.5181	14.08°N 38.52°W
city	Sundberg	Skjarnland		2845	2454	10.5150	13.2818	10.52°N 13.28°E
city	Surame	E.S.U.		2090	3103	12.1050	-35.1127	12.10°N 35.11°W
city	Suraveda	Arunya		3755	4533	-34.3200	-37.7263	34.32°S 37.73°W
city	Surtuja	Karjania		2871	2163	14.4900	25.3159	14.49°N 25.32°E
city	Suryansk	Rudania		3123	1948	13.9350	41.7077	13.93°N 41.71°E
city	Sverd	Skjarnland		2877	2467	9.8400	13.8099	9.84°N 13.81°E
city	Świętogóra	Eivorie		3111	2476	6.1950	20.4582	6.20°N 20.46°E
city	Sybau	Skjarnland		2911	2360	10.9350	18.8162	10.94°N 18.82°E
city	Sykaran	Rudania		3271	2066	9.9450	40.6408	9.95°N 40.64°E
city	Syväsjärvi	Karjania		2862	2223	13.7250	22.6195	13.72°N 22.62°E
city	Szatmár	Genosa		3225	2500	4.1250	22.7948	4.13°N 22.79°E
city	Szegvár	Genosa		3218	2596	2.7900	19.2570	2.79°N 19.26°E
city	Szerencsehely	Genosa		3191	2574	3.5250	19.2645	3.52°N 19.26°E
city	Taaneya	Arunya		3723	4565	-34.3200	-40.8297	34.32°S 40.83°W
city	Tabaruan	Cahaya		4497	960	8.1450	116.6685	8.14°N 116.67°E
city	Tacugoza	Hollosend		1574	3734	10.3800	-73.2479	10.38°N 73.25°W
city	Tadaki	Nichirin		2672	917	36.1650	88.0189	36.16°N 88.02°E
city	Takarazuka	Nichirin		2615	648	41.0550	108.5075	41.05°N 108.51°E
city	Takatsu	Nichirin		2591	699	40.6500	103.5137	40.65°N 103.51°E
city	Tali Sawah	Cahaya		4679	1207	1.7100	106.1774	1.71°N 106.18°E
city	Talwahasi	Hollosend		1843	3564	8.8950	-57.2924	8.89°N 57.29°W
city	Tambun	Cahaya		4468	1262	4.0500	100.7120	4.05°N 100.71°E
city	Tamiatta	Kemet		3582	3393	-14.6250	6.7701	14.62°S 6.77°E
city	Tánger	Costaserá		2493	3014	7.3950	-17.0292	7.39°N 17.03°W
city	Tanglaoi	Seignid		3889	507	24.0600	138.4804	24.06°N 138.48°E
city	Tangong	Furan		3654	664	25.2300	124.6410	25.23°N 124.64°E
city	Tanikai	Nichirin		2809	649	38.1300	112.4349	38.13°N 112.43°E
city	Tanjung Karang	Cahaya		4676	1384	-0.9000	99.7576	0.90°S 99.76°E
city	Tanretsu	Nichirin		2924	701	35.6250	110.3834	35.62°N 110.38°E
city	Taonongi	Axerfreditenshin		3353	865	26.7300	106.1735	26.73°N 106.17°E
city	Tara-guay	Recolotta		3209	4930	-32.0850	-80.2331	32.09°S 80.23°W
city	Tarabozan	Selmira		3763	3112	-13.1250	22.8644	13.12°S 22.86°E
city	Tarnovetskygrad	Giathka		3806	1847	5.2050	62.3775	5.21°N 62.38°E
city	Tarnovostok	Giathka		3636	1938	6.3900	54.8332	6.39°N 54.83°E
city	Tarnovsky	Sidanya		3211	2419	5.5500	25.3215	5.55°N 25.32°E
city	Tarracon	Arverne		2851	3017	1.9800	-5.0920	1.98°N 5.09°W
city	Tatari	Vicily		2952	3022	0.3900	-2.1091	0.39°N 2.11°W
city	Tatsuhama	Nichirin		2806	600	38.9100	116.5825	38.91°N 116.58°E
city	Taurasia	Vicily		2939	2932	1.9350	0.2146	1.94°N 0.21°E
city	Tauris	East Kaukasos		3632	2336	0.4800	39.0885	0.48°N 39.09°E
city	Taya-Naoi	Seignid		3908	620	22.0800	130.7067	22.08°N 130.71°E
city	Teiburg	Hollosend		1983	3568	6.7350	-51.3961	6.73°N 51.40°W
city	Tekonah	Ponurvia		1274	2659	31.0050	-63.3867	31.00°N 63.39°W
city	Teluk Penaga	Cahaya		4449	1256	4.4250	100.7432	4.42°N 100.74°E
city	Temnezh	Rudania		3318	2186	7.4400	37.0203	7.44°N 37.02°E
city	Temuan	Cahaya		4642	1041	4.7550	114.0560	4.75°N 114.06°E
city	Ten-Karat	Recolotta		3228	4899	-31.9050	-77.6607	31.90°S 77.66°W
city	Tencepantic	Auritania		1195	4193	9.1800	-100.1559	9.18°N 100.16°W
city	Tenengado	Hollosend		1674	3625	10.5150	-66.2729	10.52°N 66.27°W
city	Terusan Nipah	Cahaya		4462	1017	7.8150	113.1776	7.81°N 113.18°E
city	Tesla Springs	Ponurvia		1399	3035	23.4900	-66.4141	23.49°N 66.41°W
city	Tessano	Vicily		3079	2943	-0.3300	4.0950	0.33°S 4.10°E
city	Tesserad	Giathka		3806	1874	4.8000	61.2254	4.80°N 61.23°E
city	Tetsuhachi	Nichirin		2919	673	36.1200	112.5501	36.12°N 112.55°E
city	Teusonne	Ponurvia		1143	3195	24.9300	-85.1452	24.93°N 85.15°W
city	Teuvenberg	Ponurvia		1024	3105	28.0650	-90.7193	28.06°N 90.72°W
city	Teyolchimalistli	Auritania		1280	3840	13.2000	-90.0000	13.20°N 90.00°W
city	Thebas	Kemet		3554	3584	-17.0700	-1.1107	17.07°S 1.11°W
city	Theopolis	Selmira		3783	3156	-14.0850	22.2999	14.08°S 22.30°E
city	Thermas	Kemet		3520	3398	-13.7700	4.3211	13.77°S 4.32°E
city	Thévallée	Tonkin		4105	890	15.0750	115.8559	15.07°N 115.86°E
city	Thonis	Kemet		3605	3401	-15.0900	7.3528	15.09°S 7.35°E
city	Thunder City	E.S.U.		1836	2875	19.3350	-39.6986	19.34°N 39.70°W
city	Tia Juana	Auritania		1059	3658	19.2450	-99.1774	19.25°N 99.18°W
city	Tianji	Guandong		3094	654	33.7800	117.1825	33.78°N 117.18°E
city	Tianyan	Guandong		3299	707	29.9100	116.4653	29.91°N 116.47°E
city	Tiflis	East Kaukasos		3500	2309	2.8650	36.9048	2.86°N 36.90°E
city	Tingvalla	Skjarnland		2862	2390	11.2200	16.1767	11.22°N 16.18°E
city	Tiranavalli	Arunya		3511	4842	-35.2950	-65.6923	35.30°S 65.69°W
city	Tirenza	Vicily		3147	3161	-4.6200	-0.4427	4.62°S 0.44°W
city	Tirisura	Arunya		3528	4786	-34.7100	-61.4324	34.71°S 61.43°W
city	Tirubeti	Arunya		3644	4851	-37.4250	-61.9857	37.42°S 61.99°W
city	Tiruchala	Arunya		3568	4862	-36.4500	-65.2437	36.45°S 65.24°W
city	Tiruvana	Arunya		3489	4827	-34.7400	-65.3746	34.74°S 65.37°W
city	Titanes	Reino		2604	2881	7.7250	-9.0902	7.72°N 9.09°W
city	Tlalticpac	Auritania		1141	4173	10.2900	-102.7023	10.29°N 102.70°W
city	Tlatocan	Auritania		1255	3948	11.9550	-93.1655	11.95°N 93.17°W
city	Tlaxco	Auritania		1172	3894	14.0100	-96.7154	14.01°N 96.72°W
city	Tobau	Rudania		3273	2156	8.5650	37.0344	8.56°N 37.03°E
city	Tōgen	Nichirin		2414	883	40.5450	83.5851	40.54°N 83.59°E
city	Tōhara	Nichirin		3052	663	34.2750	115.7524	34.28°N 115.75°E
city	Tokisaka	Mizuho		1448	4486	0.9900	-92.1537	0.99°N 92.15°W
city	Toksavaara	Karjania		2960	2255	11.7750	24.3337	11.78°N 24.33°E
city	Tolède	The Verdanie		2319	4719	-15.5700	-87.0617	15.57°S 87.06°W
city	Tolosa	Arverne		2870	2938	2.8800	-2.1074	2.88°N 2.11°W
city	Tolstone	Calveria		1703	2826	22.0650	-44.6324	22.06°N 44.63°W
city	Tolvajärvi	Karjania		2950	2146	13.5600	28.3987	13.56°N 28.40°E
city	Tonatiuhpan	Auritania		1376	4129	7.4250	-90.0163	7.42°N 90.02°W
city	Topaz	Ponurvia		1118	2913	29.5350	-80.1538	29.53°N 80.15°W
city	Torvbukta	Vikomte Islands		2753	5749	-37.5300	-154.1681	37.53°S 154.17°W
city	Tourcos	East Kaukasos		3542	2299	2.3850	38.3051	2.38°N 38.31°E
city	Toyama	Nichirin		2404	746	42.7500	94.7429	42.75°N 94.74°E
city	Trailsrise	Calveria		1784	3142	16.1100	-49.6224	16.11°N 49.62°W
city	Trinacria	Vicily		2993	3039	-0.4800	-1.3874	0.48°S 1.39°W
city	Trioyka	Rudania		2950	1752	19.4700	45.8613	19.47°N 45.86°E
city	Trobletevu	Slytlia		3314	2579	1.6050	22.4504	1.60°N 22.45°E
city	Trodes	Calveria		1807	3192	15.0150	-49.8700	15.01°N 49.87°W
city	Trois-Lagons	The Verdanie		2322	4605	-13.9050	-81.0053	13.90°S 81.01°W
city	Trossö	Skjarnland		2944	2440	9.2400	16.8499	9.24°N 16.85°E
city	Tsambok	Slytlia		3319	2378	4.5450	29.7314	4.54°N 29.73°E
city	Tsirvakka	Karjania		2868	2254	13.1700	21.5775	13.17°N 21.58°E
city	Tsitsikua	Auritania		1105	3812	16.2450	-99.0970	16.24°N 99.10°W
city	Tsubayo	Hōrai		4116	5107	-48.3450	-64.2348	48.34°S 64.23°W
city	Tsukeno	Nichirin		2407	694	43.4850	99.4324	43.48°N 99.43°E
city	Tsuruoka	Nichirin		2574	838	38.8200	91.5826	38.82°N 91.58°E
city	Tsuruse	Ryūgu		3504	3845	-20.2350	-13.1972	20.23°S 13.20°W
city	Tsurutani	Nichirin		2150	860	44.8500	77.1429	44.85°N 77.14°E
city	Tuchtlan	Auritania		1160	4164	10.1400	-101.5627	10.14°N 101.56°W
city	Tukhachevosk	Rudania		3102	2234	9.9600	29.2804	9.96°N 29.28°E
city	Tumbleweed	Hollosend		1257	3305	21.5700	-80.8067	21.57°N 80.81°W
city	Tunitsk	Rudania		3066	1462	22.0800	63.7633	22.08°N 63.76°E
city	Turonne	Arverne		2876	2828	4.4400	1.5147	4.44°N 1.51°E
city	Tuscan	Hollosend		1751	3397	12.7800	-57.5524	12.78°N 57.55°W
city	Tushan	Guandong		3392	710	28.4700	117.6889	28.47°N 117.69°E
city	Tuvlina	Rudania		3152	2177	10.0650	32.9330	10.06°N 32.93°E
city	Twin Rocks	Hollosend		1252	3262	22.2900	-80.1506	22.29°N 80.15°W
city	Tynemouth	Elvester		2842	2639	7.7850	6.6667	7.78°N 6.67°E
city	Tzapotlan	Auritania		1264	4002	11.0100	-93.5891	11.01°N 93.59°W
city	Uchoyé	South Pelagonia		2732	5362	-31.4100	-121.1982	31.41°S 121.20°W
city	Udupa	Arunya		3581	4693	-34.1100	-53.7198	34.11°S 53.72°W
city	Ufraberg	Divia		3800	3341	-17.1150	17.0035	17.11°S 17.00°E
city	Ufysk	Rudania		3189	1922	13.3350	44.6214	13.33°N 44.62°E
city	Ukishima	Nichirin		2478	668	42.8100	103.5601	42.81°N 103.56°E
city	Ulan-Khol	Perovska		3799	1512	10.3350	77.5108	10.33°N 77.51°E
city	Ulanongol	Axerfreditenshin		3028	1034	29.0700	88.3604	29.07°N 88.36°E
city	Umbravati	Arunya		3833	4725	-38.3700	-46.6473	38.37°S 46.65°W
city	Ūmqêsir	Divia		4007	3534	-23.1150	19.0940	23.11°S 19.09°E
city	Union Creek	Hollosend		1882	3350	11.5200	-50.5046	11.52°N 50.50°W
city	Upatangi	The Verdanie		2541	4476	-15.2550	-69.8977	15.25°S 69.90°W
city	Uruguaiané	The Verdanie		2310	4878	-17.8200	-96.0599	17.82°S 96.06°W
city	Utinenza	Vicily		3081	2922	-0.0450	4.7724	0.05°S 4.77°E
city	Utopia	Salishia		1456	2527	30.2550	-48.4007	30.25°N 48.40°W
city	Utsinsk	Rudania		2944	1188	28.0200	76.4956	28.02°N 76.50°E
city	Väärnitsa	Karjania		3003	2072	13.8750	33.0207	13.87°N 33.02°E
city	Val-de-Melot	The Verdanie		2406	4957	-20.4450	-99.0252	20.45°S 99.03°W
city	Valcœur	Tonkin		4131	912	14.3550	114.8959	14.35°N 114.90°E
city	Valden	Hollosend		1856	3728	6.2400	-60.3438	6.24°N 60.34°W
city	Valentine	Hollosend		1546	3307	17.2050	-65.3163	17.20°N 65.32°W
city	Van Horn	E.S.U.		2019	3105	13.1400	-38.1499	13.14°N 38.15°W
city	Vandara	Noradia		4027	4953	-44.7000	-55.1921	44.70°S 55.19°W
city	Vandralis	Calveria		1824	3171	15.0750	-48.5405	15.07°N 48.54°W
city	Vangaprolu	Arunya		3712	4874	-38.7900	-61.2654	38.79°S 61.27°W
city	Vanino	Perovska		3698	1701	9.0150	66.5790	9.01°N 66.58°E
city	Varaj'mia	Nozhnorstan		3487	1387	16.8900	77.5544	16.89°N 77.55°E
city	Varangala	Arunya		3768	4817	-38.7750	-55.2914	38.77°S 55.29°W
city	Vararakn	East Kaukasos		3575	2303	1.8300	38.9520	1.83°N 38.95°E
city	Vätterna	Skjarnland		2890	2403	10.6050	16.5615	10.61°N 16.56°E
city	Vedapuri	Arunya		3606	4898	-37.5600	-66.5217	37.56°S 66.52°W
city	Velanpur	Arunya		3624	4861	-37.2750	-63.3457	37.27°S 63.35°W
city	Veligandula	Arunya		3783	4797	-38.7000	-53.3684	38.70°S 53.37°W
city	Velikiy Roy	Giathka		3728	1860	6.1800	60.1718	6.18°N 60.17°E
city	Velomagne	Arverne		2881	2756	5.4450	3.9915	5.44°N 3.99°E
city	Veltridge	Calveria		1911	3100	14.8350	-42.7100	14.83°N 42.71°W
city	Venesia	Vicily		3049	2944	0.1050	3.1537	0.10°N 3.15°E
city	Venugram	Arunya		3632	4660	-34.3800	-49.9029	34.38°S 49.90°W
city	Verishaya	Nozhnorstan		3522	1083	20.9250	95.3355	20.92°N 95.34°E
city	Véritable	The Verdanie		2436	4708	-17.1600	-84.2175	17.16°S 84.22°W
city	Versberre	Arverne		2910	2925	2.4750	-0.4627	2.47°N 0.46°W
city	Veshkingrad	Giathka		3683	2061	3.8400	50.8287	3.84°N 50.83°E
city	Vestfold	Skjarnland		2750	2462	11.8200	9.9463	11.82°N 9.95°E
city	Vestvind	E.S.U.		1962	3090	14.2200	-40.1900	14.22°N 40.19°W
city	Veynach	Alemannia		3138	2597	3.9750	16.9799	3.97°N 16.98°E
city	Vicestra	Hollosend		2030	3380	8.8500	-44.9168	8.85°N 44.92°W
city	Victoire	The Verdanie		2580	4504	-16.2600	-70.4475	16.26°S 70.45°W
city	Vidyapura	Arunya		3681	4691	-35.5800	-50.1103	35.58°S 50.11°W
city	Vihar	Noradia		4033	4891	-43.8600	-50.2081	43.86°S 50.21°W
city	Vijeyara	Arunya		3746	4871	-39.2550	-59.8581	39.25°S 59.86°W
city	Villa del Sol	Auritania		1177	4174	9.7350	-100.8148	9.73°N 100.81°W
city	Villa Libertador	Hollosend		1547	3775	10.1700	-75.3551	10.17°N 75.36°W
city	Villa Rica	Auritania		1342	3945	10.6950	-88.6211	10.69°N 88.62°W
city	Villaguja	Hollosend		1992	3563	6.6750	-50.9055	6.67°N 50.91°W
city	Villanova	Vicily		3115	3016	-1.9650	3.0363	1.97°S 3.04°E
city	Villanueva	Auritania		1530	3971	7.4850	-79.8728	7.48°N 79.87°W
city	Ville Tonkinoise	Tonkin		4123	879	14.9700	116.7373	14.97°N 116.74°E
city	Ville-Divine	The Verdanie		2485	4504	-14.8350	-72.5244	14.83°S 72.52°W
city	Ville-Doré	The Verdanie		2273	4666	-14.0850	-85.1097	14.08°S 85.11°W
city	Vindvik	Skjarnland		2806	2515	10.1850	9.8440	10.18°N 9.84°E
city	Viseramünde	Alemannia		2887	2605	7.6200	9.2425	7.62°N 9.24°E
city	Visibinsk	Rudania		3070	2268	9.9300	27.0438	9.93°N 27.04°E
city	Vistara Puram	Noradia		3884	4930	-42.2100	-59.0960	42.21°S 59.10°W
city	Vistgarde	Alemannia		2990	2426	8.7600	18.7445	8.76°N 18.74°E
city	Vivanta	Noradia		3831	4948	-41.6850	-62.4216	41.69°S 62.42°W
city	Vivantapur	Noradia		3799	4928	-40.9050	-62.0898	40.91°S 62.09°W
city	Vohenholz	Ponurvia		1076	3027	28.4550	-85.5910	28.45°N 85.59°W
city	Volkovgrad	Morozia		1581	2180	33.5850	-28.6679	33.59°N 28.67°W
city	Volkstrom	Ponurvia		1238	2702	30.9000	-66.8832	30.90°N 66.88°W
city	Volnograd	Giathka		3702	1838	6.9000	60.5632	6.90°N 60.56°E
city	Volskoya	Nozhnorstan		3593	1131	19.1400	93.8103	19.14°N 93.81°E
city	Vostamo	Karjania		2817	2258	13.8750	19.8266	13.87°N 19.83°E
city	Vostrograd	Giathka		3666	1739	8.9250	64.1739	8.92°N 64.17°E
city	Votka	Rudania		3107	1928	14.4750	42.1490	14.47°N 42.15°E
city	Vourcestre	South Pelagonia		2524	5226	-26.2500	-114.4376	26.25°S 114.44°W
city	Vranikovo	Giathka		3676	1701	9.3450	66.1149	9.34°N 66.11°E
city	Wakamiya	Mizuho		1432	4434	2.0100	-92.1173	2.01°N 92.12°W
city	Walberg	Ponurvia		1101	2816	31.2450	-78.8103	31.25°N 78.81°W
city	Waldau	Kogelland		2178	5237	-21.2250	-120.0916	21.23°S 120.09°W
city	Wallace	Hollosend		1507	3345	17.2200	-68.1863	17.22°N 68.19°W
city	Wan	Selmira		3865	3221	-16.2900	23.5897	16.29°S 23.59°E
city	Wangerhafen	Neuhollmar		3216	5621	-42.5550	-136.8637	42.55°S 136.86°W
city	Waperaine	Calveria		1764	2897	20.0850	-43.7546	20.08°N 43.75°W
city	Wapiti	Hollosend		1534	3166	19.5000	-62.5021	19.50°N 62.50°W
city	Wartosław	Eivorie		3024	2503	7.0950	16.9676	7.09°N 16.97°E
city	Wasit	Divia		3995	3444	-21.5850	21.7452	21.58°S 21.75°E
city	Weidenstadt	Kogelland		2466	5174	-24.6000	-111.7982	24.60°S 111.80°W
city	Weinertitz	Ponurvia		1291	2683	30.3900	-63.0498	30.39°N 63.05°W
city	Wijayakarta	Cahaya		4447	987	8.4900	114.6117	8.49°N 114.61°E
city	Willard	Hollosend		1672	3179	17.2350	-55.9184	17.23°N 55.92°W
city	Williamsby	Elvester		2775	2644	8.7150	4.3514	8.71°N 4.35°E
city	Wilna	Livonia		3046	2345	9.1350	23.4057	9.13°N 23.41°E
city	Winscor	Elvester		2808	2690	7.5300	3.8632	7.53°N 3.86°E
city	Wisłogród	Eivorie		3082	2454	6.9600	20.4191	6.96°N 20.42°E
city	Wolmar	Livonia		2971	2292	11.0550	23.2225	11.05°N 23.22°E
city	Wuling	Furan		3632	677	25.3650	123.4393	25.36°N 123.44°E
city	Xarpêt	Selmira		3738	3189	-13.9050	19.4796	13.90°S 19.48°E
city	Xia'an	Furan		3596	873	22.9650	109.6755	22.96°N 109.68°E
city	Xiangri	Furan		3473	497	30.4500	134.9320	30.45°N 134.93°E
city	Xianzhou	Furan		3304	537	32.3850	129.6694	32.38°N 129.67°E
city	Ximen	Furan		3666	839	22.4250	112.9545	22.42°N 112.95°E
city	Xinghua	Furan		3648	420	28.9800	142.8319	28.98°N 142.83°E
city	Xingzhou	Guandong		3231	699	31.0500	115.9695	31.05°N 115.97°E
city	Yadrosk	Rudania		2753	1751	22.4400	40.0444	22.44°N 40.04°E
city	Yaelan	Seignid		3799	451	26.2500	141.7976	26.25°N 141.80°E
city	Yakishi	Nichirin		2805	889	34.5900	93.3622	34.59°N 93.36°E
city	Yalakawa	Seignid		3827	457	25.7400	141.5966	25.74°N 141.60°E
city	Yalin	Furan		3443	779	26.6700	113.5765	26.67°N 113.58°E
city	Yalpanam	Arunya		3477	4791	-34.0200	-63.3762	34.02°S 63.38°W
city	Yangkou	Furan		3278	381	35.1150	142.5143	35.11°N 142.51°E
city	Yangshen	Guandong		3328	607	30.9750	124.4676	30.97°N 124.47°E
city	Yao	Seignid		3737	441	27.3300	142.0010	27.33°N 142.00°E
city	Yaoyachimallan	Auritania		1163	3973	12.9600	-98.4813	12.96°N 98.48°W
city	Yaqanis	Rudania		2432	1314	33.8100	53.7213	33.81°N 53.72°E
city	Yar	Rudania		3037	1313	24.7500	71.3379	24.75°N 71.34°E
city	Yarovo	Giathka		3924	1855	3.3150	64.4437	3.31°N 64.44°E
city	Yatsuura	Nichirin		2249	800	44.2650	85.5428	44.27°N 85.54°E
city	Yawae	Nichirin		2655	885	36.9000	90.0000	36.90°N 90.00°E
city	Ye'or	Shivon		3627	3402	-15.4350	8.1473	15.44°S 8.15°E
city	Yeneshir	Selmira		3643	3263	-13.5900	13.4276	13.59°S 13.43°E
city	Yevata	Arunya		3835	4757	-38.8800	-48.6972	38.88°S 48.70°W
city	Yijia	Furan		3632	724	24.6600	120.1653	24.66°N 120.17°E
city	Yinde	Furan		3564	425	30.1650	141.6445	30.16°N 141.64°E
city	Yinlin	Furan		3618	424	29.3700	142.2365	29.37°N 142.24°E
city	Yitzchakia	Shivon		3698	3550	-18.7200	5.6061	18.72°S 5.61°E
city	Yoloxochitl	Auritania		1445	3906	9.7350	-82.7845	9.73°N 82.78°W
city	Yongchun	Furan		3605	623	26.5800	126.9536	26.58°N 126.95°E
city	Yongguan	Furan		3645	474	28.2150	138.5725	28.21°N 138.57°E
city	Yongkang	Furan		3673	726	24.0150	120.5865	24.02°N 120.59°E
city	Yongping	Guandong		3416	727	27.8550	116.8284	27.85°N 116.83°E
city	Yongyuan	Guandong		3234	646	31.8000	120.0619	31.80°N 120.06°E
city	Yootó	Hollosend		1327	3157	22.7400	-73.4612	22.74°N 73.46°W
city	Yoshihama	Nichirin		2877	518	39.0750	125.0722	39.07°N 125.07°E
city	Yoshino	Nichirin		2610	768	39.3300	98.1528	39.33°N 98.15°E
city	Yuecheng	Furan		3331	576	31.3950	126.9260	31.39°N 126.93°E
city	Yueyang	Furan		3604	672	25.8600	123.4238	25.86°N 123.42°E
city	Yulayev	Rudania		3235	1927	12.5700	45.6102	12.57°N 45.61°E
city	Yuling	Furan		3732	618	24.7500	128.8552	24.75°N 128.86°E
city	Yunokgrad	Giathka		3688	1716	8.9400	65.6847	8.94°N 65.68°E
city	Yunping	Furan		3686	660	24.8100	125.3290	24.81°N 125.33°E
city	Yunyin	Guandong		3217	563	33.3000	126.3810	33.30°N 126.38°E
city	Yuzuki	Nichirin		2735	615	39.7500	113.9104	39.75°N 113.91°E
city	Zacrébba	Vicily		3107	2981	-1.3200	3.8363	1.32°S 3.84°E
city	Zalaya	Auritania		1188	3823	14.8350	-94.6518	14.83°N 94.65°W
city	Zamorsk	Rudania		3210	1350	21.6000	73.4211	21.60°N 73.42°E
city	Zarentia	Vicily		3079	3141	-3.3000	-1.9308	3.30°S 1.93°W
city	Zarienne	Côte de Saumon		2628	3831	-6.8850	-39.0796	6.88°S 39.08°W
city	Zasratov	Rudania		3145	1692	17.4450	54.0707	17.44°N 54.07°E
city	Zaton	Perovska		3652	1616	10.9800	69.5672	10.98°N 69.57°E
city	Zavkhan	Perovska		3522	1549	13.9350	70.0335	13.93°N 70.03°E
city	Zecota	Hollosend		1917	3438	9.6750	-51.1261	9.67°N 51.13°W
city	Zeitstadt	Ponurvia		1185	3089	25.8900	-80.1872	25.89°N 80.19°W
city	Zemlystal	Rudania		3357	1631	15.1800	62.2855	15.18°N 62.29°E
city	Zentara	Noradia		3791	4913	-40.5600	-61.2743	40.56°S 61.27°W
city	Zephyrion	Selmira		3623	3275	-13.4700	12.2775	13.47°S 12.28°E
city	Zhadian	Guandong		3446	673	28.2150	121.1799	28.21°N 121.18°E
city	Zhangzhou	Guandong		3404	694	28.5300	119.0337	28.53°N 119.03°E
city	Zharatov	Rudania		3291	2099	9.1500	39.8071	9.15°N 39.81°E
city	Zhaur	Rudania		3345	1632	15.3450	61.9530	15.34°N 61.95°E
city	Zhegrovoya	Nozhnorstan		3505	1003	22.3800	99.9024	22.38°N 99.90°E
city	Zheleznogorod	Giathka		3673	1786	8.1150	62.2202	8.12°N 62.22°E
city	Zhenlang	Furan		3325	394	34.2150	141.8607	34.21°N 141.86°E
city	Zheprivoj	Nozhnorstan		3826	1269	13.5750	90.3356	13.57°N 90.34°E
city	Zhugezhen	Furan		3653	643	25.5600	126.1173	25.56°N 126.12°E
city	Ziyāratgah	Varahmehr		4075	3543	-24.2700	21.8530	24.27°S 21.85°E
city	Zongalik	Selmira		3480	3137	-9.2550	11.4694	9.26°S 11.47°E
city	Zoryansk	Giathka		3686	1857	6.8550	59.3938	6.85°N 59.39°E
city	Züharin	Alemannia		2938	2546	7.7400	12.8665	7.74°N 12.87°E
city	Zula	Southeast Aphirica		3201	4185	-20.7900	-38.3875	20.79°S 38.39°W
city	Zurelstein	Ponurvia		1251	3303	21.6900	-81.1067	21.69°N 81.11°W
city	Zürmark	Alemannia		3071	2741	2.8200	10.2202	2.82°N 10.22°E
city	Zwilingstürme	Ponurvia		1320	2787	28.3950	-64.2951	28.39°N 64.30°W
label	ACADIAN SEA		sea	2469	2981	8.2500	-16.9101	8.25°N 16.91°W
label	ADELSKÖLDLAND		colony	1450	2328	33.3300	-41.8317	33.33°N 41.83°W
label	ALBATROSSINSELN		colony	3675	2933	-9.1200	24.7700	9.12°S 24.77°E
label	ALEMANNIA		nation	3023	2621	5.3400	12.8207	5.34°N 12.82°E
label	ANDAM ISLANDS		colony	4282	1847	-1.9350	74.6551	1.94°S 74.66°E
label	ANSELM'S HAVEN		sea	2048	2574	20.6700	-20.4846	20.67°N 20.48°W
label	ANTICOSTIA		colony	2345	2978	10.1550	-21.4052	10.15°N 21.41°W
label	ARAFURA SEA		sea	3912	5110	-45.3300	-72.4110	45.33°S 72.41°W
label	ARCTIC SEA		ocean	2099	1841	30.9000	11.7868	30.90°N 11.79°E
label	ARVERNE		nation	2940	2815	3.6750	3.9096	3.67°N 3.91°E
label	AURITANIA		nation	1364	3892	11.1600	-86.5753	11.16°N 86.58°W
label	AXERFREDITENSHIN		nation	3176	984	27.6000	94.8462	27.60°N 94.85°E
label	AZTEKISCHE ISLANDS		colony	1100	4025	13.1250	-102.7317	13.12°N 102.73°W
label	BARBARY		colony	2729	3145	1.8900	-12.7477	1.89°N 12.75°W
label	BAY OF ANAHUAC		sea	1222	4058	10.8000	-96.6818	10.80°N 96.68°W
label	BAY OF KOSANGSIN		sea	4500	900	9.0000	120.0000	9.00°N 120.00°E
label	BAY OF SERICA		sea	3134	501	35.4750	130.3824	35.48°N 130.38°E
label	BAY OF TONKIN		sea	4234	714	15.7800	128.0517	15.78°N 128.05°E
label	CAHAYA		nation	4556	1194	3.7500	105.2452	3.75°N 105.25°E
label	CALVERIA		nation	1777	3022	18.0150	-46.6972	18.02°N 46.70°W
label	CAPE NATAL		sea	2634	5300	-29.0100	-118.0226	29.01°S 118.02°W
label	CASPIAN GULF		sea	3703	2149	2.2200	47.7990	2.22°N 47.80°E
label	CELESTINE SEA		sea	3213	4729	-29.1300	-67.2449	29.13°S 67.24°W
label	COSTASERÁ		colony	2462	3106	6.4800	-20.8190	6.48°N 20.82°W
label	CÔTE DE SAUMON		colony	2628	3765	-5.8950	-36.5008	5.89°S 36.50°W
label	CUOHPNJALLA		colony	2612	1885	22.5450	29.0994	22.54°N 29.10°E
label	DÄMMERUNG ISLANDS		colony	597	2531	43.0800	-111.2916	43.08°N 111.29°W
label	DIVIA		colony	3895	3382	-19.1550	19.5511	19.15°S 19.55°E
label	DYCHE BAY		sea	2097	2304	23.9850	-8.4663	23.98°N 8.47°W
label	E.S.U.		nation	2132	3060	12.1200	-32.1726	12.12°N 32.17°W
label	East Aphirican Bay		sea	3182	3849	-15.4650	-24.1618	15.46°S 24.16°W
label	EAST ASTRIYA		nation	3289	3159	-6.7200	4.2147	6.72°S 4.21°E
label	EAST KAUKASOS		colony	3559	2319	1.8300	37.9721	1.83°N 37.97°E
label	EASTERN PANTHALASSAN OCEAN		ocean	4859	2489	-20.2200	91.7025	20.22°S 91.70°E
label	EIVORIE		nation	3080	2438	7.2300	20.9424	7.23°N 20.94°E
label	ELVESTER		nation	2786	2670	8.1600	3.8270	8.16°N 3.83°E
label	ELYSIA		continent	1527	3162	19.6650	-62.7639	19.66°N 62.76°W
label	EVRIA		continent	3043	2455	7.5300	19.2506	7.53°N 19.25°E
label	FOXE SEA		sea	2184	2418	20.9700	-9.1525	20.97°N 9.15°W
label	FREDERIKKA ISLANDS		colony	4486	1604	-1.3500	87.7766	1.35°S 87.78°E
label	FURAN		nation	3552	520	28.9200	134.0275	28.92°N 134.03°E
label	GENOSA		nation	3209	2566	3.3750	20.0416	3.37°N 20.04°E
label	GIATHKA		nation	3748	1868	5.7600	60.2564	5.76°N 60.26°E
label	GONENITE ISLANDS		colony	4421	758	12.3150	127.3103	12.31°N 127.31°E
label	GREAT PELAGONIAN CHANNEL		sea	2251	3943	-2.9100	-52.4561	2.91°S 52.46°W
label	GREAT SPATRYAN BIGHT		sea	2052	1105	42.6450	53.9943	42.64°N 53.99°E
label	GUANDONG		nation	3228	703	31.0350	115.6194	31.03°N 115.62°E
label	GULF OF EUSCARA		sea	2806	2856	5.0700	-1.5895	5.07°N 1.59°W
label	GULF OF MARTABAN		sea	4424	1250	4.8900	100.6909	4.89°N 100.69°E
label	Hellenican Sea		sea	3308	3250	-8.3700	1.9184	8.37°S 1.92°E
label	HIMALAYAN SEA		ocean	4155	1533	4.6800	82.9747	4.68°N 82.97°E
label	HOCHBRUNN-AM-SAHARAMEER		colony	3199	3910	-16.6350	-26.1664	16.64°S 26.17°W
label	HOLLOSEND		nation	1649	3429	13.8300	-63.0957	13.83°N 63.10°W
label	HŌRAI		colony	4132	5094	-48.3900	-62.4225	48.39°S 62.42°W
label	HYPERBOREA		continent	526	436	75.5700	16.8399	75.57°N 16.84°E
label	HYPERBOREAN OCEAN		ocean	979	1578	51.6450	-42.1666	51.64°N 42.17°W
label	ILLYRIAN SEA		sea	3069	3060	-1.9350	0.2759	1.94°S 0.28°E
label	JAVAN SEA		sea	4639	1314	0.7050	100.5375	0.70°N 100.54°E
label	KALINAGO SEA		sea	1830	3657	7.6950	-59.9344	7.69°N 59.93°W
label	KARJANIA		nation	2645	2096	18.8850	20.8437	18.88°N 20.84°E
label	KEMET		nation	3434	3414	-12.7200	0.6988	12.72°S 0.70°E
label	KIENAM		colony	4492	860	9.7200	122.1525	9.72°N 122.15°E
label	KINSHŪ		colony	3012	5524	-38.0400	-130.5312	38.04°S 130.53°W
label	KOGELLAND		colony	2339	5238	-23.6550	-117.9787	23.65°S 117.98°W
label	KULLANMAAN		colony	2144	3926	-1.0500	-54.0911	1.05°S 54.09°W
label	LAKE ÄÄNINEN		sea	2913	2109	14.6700	28.8172	14.67°N 28.82°E
label	LAKE ADEN		sea	3742	4507	-33.7350	-36.7102	33.73°S 36.71°W
label	LAKE ALABASTER		sea	3060	4594	-24.8100	-63.5343	24.81°S 63.53°W
label	LAKE ARAKANA		sea	3625	5453	-46.1700	-112.6078	46.17°S 112.61°W
label	LAKE ĀVANAK		sea	4119	3749	-28.0200	16.1181	28.02°S 16.12°E
label	LAKE BAISHIN		sea	2508	772	40.8000	95.2683	40.80°N 95.27°E
label	LAKE BALKAS		sea	3502	1643	12.8250	65.0379	12.82°N 65.04°E
label	LAKE CAHUITA		sea	1536	4531	-1.0050	-90.8647	1.00°S 90.86°W
label	LAKE DAKHLI		sea	4025	3602	-24.4050	17.4114	24.40°S 17.41°E
label	LAKE INKERI		sea	2918	2226	12.8400	24.2146	12.84°N 24.21°E
label	LAKE IONIOS		sea	3098	3103	-3.0150	-0.1552	3.01°S 0.16°W
label	LAKE KAIHOKUDO		sea	2237	942	42.3150	73.3249	42.31°N 73.32°E
label	LAKE LAATOKKA		sea	2922	2164	13.7100	26.8266	13.71°N 26.83°E
label	LAKE LÄGREBOTHNIA		sea	2831	2284	13.2750	19.2493	13.27°N 19.25°E
label	LAKE LAMENT		sea	3634	3680	-19.7100	-1.7670	19.71°S 1.77°W
label	LAKE LYONARA		sea	2979	2842	2.6850	4.2364	2.68°N 4.24°E
label	LAKE MARAKAYA		sea	1523	3736	11.1150	-75.7444	11.11°N 75.74°W
label	LAKE NAHÁ		sea	1362	3922	10.7400	-87.2067	10.74°N 87.21°W
label	LAKE NAVARELO		sea	1615	3638	11.2050	-69.3204	11.21°N 69.32°W
label	LAKE ÖVREBOTHNIA		sea	2767	2202	15.4650	20.4669	15.46°N 20.47°E
label	LAKE PROFUNDITY		sea	3123	4476	-23.9850	-55.3374	23.98°S 55.34°W
label	LAKE RAZYRV		sea	2962	1055	29.7450	85.4518	29.74°N 85.45°E
label	LAKE RYUSEI		sea	2565	703	40.9800	102.5581	40.98°N 102.56°E
label	LAKE SASANIA		sea	3531	1919	8.2500	53.2404	8.25°N 53.24°E
label	LAKE SATSUNO		sea	2232	867	43.5150	79.2836	43.52°N 79.28°E
label	LAKE TEJO		sea	1587	3581	12.4800	-69.4505	12.48°N 69.45°W
label	LAKE TRANQUILITY		sea	1360	4203	6.5550	-91.9899	6.55°N 91.99°W
label	LAKE VALIVE		sea	3021	2116	12.9450	31.7111	12.94°N 31.71°E
label	LAKE VLADIS		sea	4525	1059	6.2400	111.7264	6.24°N 111.73°E
label	LAKE WELLSPRING		sea	3272	4395	-25.0050	-46.6513	25.00°S 46.65°W
label	LEVANTINE SEA		sea	3540	3360	-13.5000	6.3529	13.50°S 6.35°E
label	LIVONIA		nation	2997	2337	9.9900	22.2722	9.99°N 22.27°E
label	LOWER ERYTHREAN SEA		sea	3953	4105	-30.8700	-6.9406	30.87°S 6.94°W
label	LOWER SUEBIAN SEA		sea	2977	2416	9.1050	18.7243	9.11°N 18.72°E
label	LOWER TYRSENIAN SEA		sea	3035	3122	-2.3550	-2.6801	2.35°S 2.68°W
label	LUCAYAN SEA		sea	1751	3576	10.0950	-61.6670	10.09°N 61.67°W
label	MARE INTERNUM		sea	2913	3024	0.9450	-3.3653	0.94°N 3.37°W
label	MIDDLE ERYTHREAN SEA		sea	3695	3934	-24.4350	-9.8421	24.43°S 9.84°W
label	MIZUHO		colony	1465	4480	0.8250	-91.2868	0.82°N 91.29°W
label	MOROZIA		nation	1660	1923	36.2550	-13.2124	36.25°N 13.21°W
label	NAPOLYON BONPARTERRE ISLANDS		colony	4407	546	15.7050	140.3150	15.70°N 140.31°E
label	NEUHOLLMAR		colony	3222	5660	-43.2300	-140.7441	43.23°S 140.74°W
label	NEW CELYDDON		colony	4234	410	20.3400	148.2171	20.34°N 148.22°E
label	NICHIRIN		nation	2571	738	40.3650	99.7099	40.36°N 99.71°E
label	NITRAVIA		nation	3159	2537	4.5600	19.6559	4.56°N 19.66°E
label	NORADIA		nation	3926	4910	-42.5400	-55.9798	42.54°S 55.98°W
label	NORDSTJÄRNEÖ		colony	1476	2258	33.9900	-37.6968	33.99°N 37.70°W
label	NORTH SEA		sea	2855	2575	8.5500	9.2818	8.55°N 9.28°E
label	NORTHERN ERYTHAEAN BAY		sea	4202	4101	-34.5450	4.9175	34.54°S 4.92°E
label	NOZHNORSTAN		nation	3605	1161	18.5100	92.3038	18.51°N 92.30°E
label	PELAGONIA		continent	3236	4367	-24.0450	-46.2997	24.04°S 46.30°W
label	PEROVSKA		nation	3664	1520	12.2400	74.4444	12.24°N 74.44°E
label	POLABINY		nation	3482	2184	5.0100	41.2354	5.01°N 41.24°E
label	PONURVIA		nation	1211	3026	26.4450	-77.1064	26.45°N 77.11°W
label	RECOLOTTA		nation	3216	4874	-31.3500	-76.3274	31.35°S 76.33°W
label	REINO		nation	2687	2936	5.6550	-7.9708	5.65°N 7.97°W
label	Romassan Sea		sea	3056	3200	-3.8400	-4.5125	3.84°S 4.51°W
label	RUDANIA		nation	2591	1414	29.9250	52.8989	29.92°N 52.90°E
label	RYŪGU		colony	3473	3861	-20.0100	-14.9679	20.01°S 14.97°W
label	SAHARA SEA		ocean	2799	3500	-4.4850	-22.1330	4.48°S 22.13°W
label	SALISHIA		nation	1414	2619	29.5050	-53.7813	29.50°N 53.78°W
label	SANKT GEROLD ISLAND		colony	3876	5291	-47.5050	-89.9047	47.50°S 89.90°W
label	SARGASSO SEA		sea	2673	2715	9.1800	-1.4031	9.18°N 1.40°W
label	SEA OF AURITANIA		ocean	1884	4327	-3.1650	-75.9613	3.16°S 75.96°W
label	SEA OF KEMET		sea	3439	3561	-15.0000	-4.3920	15.00°S 4.39°W
label	SEA OF VENESIA		sea	3057	2975	-0.4800	2.4732	0.48°S 2.47°E
label	SEIGNID		nation	3884	672	21.6600	126.9008	21.66°N 126.90°E
label	SELMIRA		nation	3531	3217	-11.2200	10.7616	11.22°S 10.76°E
label	SHIVON		nation	3692	3402	-16.4100	10.6400	16.41°S 10.64°E
label	SIDANYA		nation	3261	2326	6.1950	30.1235	6.20°N 30.12°E
label	SKJARNLAND		nation	2633	2359	15.1200	9.8798	15.12°N 9.88°E
label	SLYTLIA		nation	3312	2523	2.4750	24.3393	2.47°N 24.34°E
label	SOUTH PELAGONIA		colony	2667	5244	-28.6650	-113.4409	28.66°S 113.44°W
label	SOUTHEAST APHIRICA		colony	3270	4127	-20.9550	-33.5129	20.95°S 33.51°W
label	SOUTHERN ERYTHAEAN BAY		sea	4144	4264	-36.1200	-6.0134	36.12°S 6.01°W
label	SPETSBERGEN		colony	2469	1925	24.0900	22.2849	24.09°N 22.28°E
label	STRAYAN SEA		sea	3186	5156	-35.1300	-96.9382	35.13°S 96.94°W
label	TAMANQUI BAY		sea	1423	4513	0.9600	-93.6995	0.96°N 93.70°W
label	TARTARUS		continent	5657	5148	-72.0750	76.6695	72.07°S 76.67°E
label	TEPID SEA		sea	3425	4600	-30.3750	-53.2075	30.37°S 53.21°W
label	TERRANOVA GULF		sea	1744	3869	5.8050	-68.1454	5.80°N 68.15°W
label	TETHYS SEA		sea	3386	2834	-3.3000	17.1903	3.30°S 17.19°E
label	THE VERDANIE		nation	2288	4671	-14.3850	-85.0903	14.38°S 85.09°W
label	THULE		colony	2393	2628	14.6850	-8.4246	14.68°N 8.42°W
label	TONKIN		colony	4124	869	15.1050	117.3443	15.10°N 117.34°E
label	UNGAVA BAY		sea	2333	2634	15.4950	-10.9080	15.49°N 10.91°W
label	UPPER ERYTHREAN SEA		sea	3625	3556	-17.7150	2.5773	17.71°S 2.58°E
label	UPPER SUEBIAN SEA		sea	2926	2309	11.4750	21.2149	11.47°N 21.21°E
label	UPPER TYRSENIAN SEA		sea	2992	3065	-0.8550	-2.2110	0.85°S 2.21°W
label	VALTHERIA		continent	3111	1284	24.0750	74.8259	24.07°N 74.83°E
label	VARAHMEHR		nation	4137	3813	-29.2500	14.4000	29.25°S 14.40°E
label	VERWUSTUNG ISLANDS		colony	4605	4938	-53.1450	-24.3956	53.14°S 24.40°W
label	VICILIAN NORTH APHIRICA		colony	2961	4056	-15.2550	-39.5545	15.25°S 39.55°W
label	VICILY		nation	3069	3083	-2.2800	-0.4309	2.28°S 0.43°W
label	VIKOMTE ISLANDS		colony	2772	5778	-38.2500	-156.8348	38.25°S 156.83°W
label	WEST BANGALA		colony	4067	5046	-46.6950	-61.0391	46.69°S 61.04°W
label	WESTERN PANTHALASSAN OCEAN		ocean	1372	5656	-15.4200	-155.0925	15.42°S 155.09°W
